asof_date,code,close,score_pct,p_up,p_down,p_stop,range_lo,range_hi,stop,model_version
2026-10-08,000080,14770.0,0.1855,0.3366,0.2024,0.147,14172.56,15592.63,14222.55,98d18e08
2026-10-08,000100,73550.0,0.0436,0.3967,0.3235,0.1313,68598.46,80367.87,69012.76,98d18e08
2026-10-08,000120,70200.0,0.1236,0.3772,0.3235,0.1743,66857.0,74803.04,67136.71,98d18e08
2026-10-08,000150,1340000.0,0.9564,0.5398,0.5253,0.0858,1145782.16,1607422.05,1162032.62,98d18e08
2026-10-08,000210,49000.0,0.4036,0.4222,0.4102,0.1049,44212.02,55592.66,44612.63,98d18e08
2026-10-08,000240,26300.0,0.7964,0.4072,0.3768,0.2027,24626.06,28604.87,24766.12,98d18e08
2026-10-08,000250,230000.0,0.1055,0.5847,0.6338,0.2127,196486.13,276145.85,199290.28,98d18e08
2026-10-08,000270,107600.0,0.3527,0.4072,0.3259,0.0975,99470.84,118793.19,100151.02,98d18e08
2026-10-08,000500,298000.0,0.7709,0.5323,0.5665,0.1021,247846.21,367057.65,252042.65,98d18e08
2026-10-08,000720,104600.0,0.8982,0.5139,0.4519,0.051,89179.56,125832.68,90469.81,98d18e08
2026-10-08,000810,613000.0,0.9236,0.4214,0.3606,0.0982,560840.59,684819.22,565204.84,98d18e08
2026-10-08,000880,110800.0,0.9709,0.5116,0.4102,0.0548,96656.49,130274.45,97839.9,98d18e08
2026-10-08,000990,138700.0,0.6655,0.5183,0.5522,0.1588,122387.81,161160.54,123752.68,98d18e08
2026-10-08,001040,130700.0,0.3927,0.4214,0.3768,0.137,120463.75,144794.48,121320.23,98d18e08
2026-10-08,001120,43450.0,0.9491,0.4511,0.422,0.1598,40076.17,48095.49,40358.46,98d18e08
2026-10-08,001430,45800.0,0.2727,0.4511,0.5249,0.1597,40606.22,52951.41,41040.79,98d18e08
2026-10-08,001440,28350.0,0.9818,0.5183,0.5429,0.0936,24275.07,33960.85,24616.02,98d18e08
2026-10-08,001450,47150.0,0.7418,0.4491,0.4102,0.1083,42497.08,53556.68,42886.4,98d18e08
2026-10-08,001720,136600.0,0.4655,0.4335,0.3768,0.1255,126110.17,151043.63,126987.87,98d18e08
2026-10-08,001740,6160.0,0.7345,0.4797,0.432,0.1475,5611.9,6914.68,5657.76,98d18e08
2026-10-08,001800,22750.0,0.2,0.3881,0.288,0.109,21226.11,24848.27,21353.62,98d18e08
2026-10-08,001820,160700.0,0.8836,0.5662,0.5665,0.1542,136589.28,193898.48,138606.66,98d18e08
2026-10-08,002380,460500.0,0.4255,0.4072,0.3768,0.1199,425763.22,508329.7,428669.69,98d18e08
2026-10-08,002790,25650.0,0.8109,0.4072,0.3235,0.1186,23540.95,28553.99,23717.41,98d18e08
2026-10-08,003160,43050.0,0.2909,0.4723,0.5522,0.2279,38083.22,49888.85,38498.79,98d18e08
2026-10-08,003230,1183000.0,0.12,0.4072,0.3235,0.0938,1078316.33,1327140.83,1087075.35,98d18e08
2026-10-08,003380,11580.0,0.6945,0.4222,0.4185,0.1932,10709.08,12779.18,10781.95,98d18e08
2026-10-08,003490,30500.0,0.8727,0.4214,0.3544,0.1257,28194.83,33674.03,28387.7,98d18e08
2026-10-08,003540,24350.0,0.4145,0.3967,0.3235,0.1139,22838.75,26430.86,22965.2,98d18e08
2026-10-08,003550,109000.0,0.7927,0.4744,0.4185,0.1306,99575.83,121976.31,100364.36,98d18e08
2026-10-08,003670,193700.0,0.1127,0.4723,0.515,0.1461,170323.25,225887.87,172279.21,98d18e08
2026-10-08,003690,14450.0,0.8036,0.3716,0.288,0.1242,13587.12,15638.12,13659.31,98d18e08
2026-10-08,004000,42100.0,0.1527,0.3772,0.3142,0.1254,39404.71,45811.2,39630.23,98d18e08
2026-10-08,004020,28200.0,0.2255,0.4744,0.4102,0.0617,24840.22,32826.15,25121.33,98d18e08
2026-10-08,004170,311000.0,0.8255,0.4944,0.432,0.0769,274992.12,360579.89,278004.95,98d18e08
2026-10-08,004370,398500.0,0.0909,0.3716,0.3142,0.1231,370914.98,436482.31,373223.06,98d18e08
2026-10-08,004800,150000.0,0.6545,0.4511,0.432,0.1132,135541.66,169907.95,136751.41,98d18e08
2026-10-08,004990,23000.0,0.2364,0.3561,0.2654,0.1187,21701.45,24788.0,21810.1,98d18e08
2026-10-08,005070,46700.0,0.1891,0.4511,0.4907,0.1609,41968.26,53215.22,42364.17,98d18e08
2026-10-08,005290,51700.0,0.2836,0.4744,0.5249,0.1849,46693.08,58594.12,47112.01,98d18e08
2026-10-08,005380,325500.0,0.6109,0.4335,0.3768,0.1059,299852.35,360814.72,301998.32,98d18e08
2026-10-08,005440,13000.0,0.4509,0.4491,0.432,0.1539,11898.71,14516.38,11990.86,98d18e08
2026-10-08,005490,309000.0,0.2436,0.3967,0.3624,0.1407,286836.0,339518.0,288690.5,98d18e08
2026-10-08,005830,187800.0,0.5345,0.4401,0.3768,0.1268,171995.81,209561.07,173318.17,98d18e08
2026-10-08,005850,50200.0,0.7527,0.4335,0.3606,0.1465,46239.91,55652.72,46571.26,98d18e08
2026-10-08,005930,265500.0,0.8509,0.4744,0.4425,0.1355,241564.79,298456.82,243567.48,98d18e08
2026-10-08,005940,25050.0,0.68,0.4401,0.3142,0.1197,23220.35,27569.28,23373.44,98d18e08
2026-10-08,006040,35100.0,0.0764,0.3554,0.2654,0.1345,33238.66,37662.91,33394.4,98d18e08
2026-10-08,006120,71600.0,0.28,0.4517,0.4529,0.1851,64964.16,80737.01,65519.39,98d18e08
2026-10-08,006260,272500.0,0.9673,0.5183,0.4907,0.0635,233305.07,326468.2,236584.56,98d18e08
2026-10-08,006280,128600.0,0.5709,0.3936,0.3259,0.1611,119778.41,140746.61,120516.52,98d18e08
2026-10-08,006340,12680.0,0.3782,0.4619,0.4907,0.1288,11154.43,14780.58,11282.08,98d18e08
2026-10-08,006360,32450.0,0.8364,0.4944,0.4885,0.0699,28104.07,38433.99,28467.7,98d18e08
2026-10-08,006400,575000.0,0.3636,0.4517,0.4885,0.1881,521224.87,649043.94,525724.31,98d18e08
2026-10-08,006800,29300.0,0.8691,0.4944,0.4519,0.0957,26163.92,33618.13,26426.32,98d18e08
2026-10-08,007070,21750.0,0.7164,0.3967,0.3235,0.0923,19891.04,24309.64,20046.58,98d18e08
2026-10-08,007310,312500.0,0.3018,0.3413,0.2437,0.1359,295275.22,336217.11,296716.44,98d18e08
2026-10-08,007340,48650.0,0.0618,0.4944,0.4885,0.1157,42904.51,56561.07,43385.24,98d18e08
2026-10-08,007390,24550.0,0.8073,0.4797,0.4519,0.1242,22280.74,27674.59,22470.61,98d18e08
2026-10-08,007660,127000.0,0.0945,0.4944,0.5522,0.1442,109658.31,150878.09,111109.31,98d18e08
2026-10-08,007810,89200.0,0.8327,0.5847,0.5942,0.2283,77747.04,104969.79,78705.32,98d18e08
2026-10-08,008770,39100.0,0.0327,0.3967,0.2943,0.1392,37050.38,41922.16,37221.87,98d18e08
2026-10-08,008930,52600.0,0.3455,0.5323,0.5253,0.0784,44145.47,64241.19,44852.87,98d18e08
2026-10-08,009150,1578000.0,0.92,0.5183,0.5287,0.1921,1387376.49,1840472.94,1403326.21,98d18e08
2026-10-08,009420,44500.0,0.9164,0.4944,0.4907,0.0827,37980.48,53476.85,38525.97,98d18e08
2026-10-08,009540,295000.0,0.1709,0.4222,0.3259,0.0709,263814.46,337939.93,266423.79,98d18e08
2026-10-08,009830,36300.0,0.4873,0.5116,0.5435,0.1776,31885.76,42378.05,32255.1,98d18e08
2026-10-08,009970,171200.0,0.6836,0.4222,0.3397,0.1567,156199.95,191853.84,157455.02,98d18e08
2026-10-08,010060,238000.0,0.24,0.5183,0.5522,0.1518,203454.21,285566.73,206344.7,98d18e08
2026-10-08,010120,198000.0,0.8909,0.4752,0.4529,0.1115,175613.82,228823.93,177486.9,98d18e08
2026-10-08,010130,1033000.0,0.0473,0.4072,0.3768,0.1016,942831.2,1157155.05,950375.74,98d18e08
2026-10-08,010140,18900.0,0.5418,0.4072,0.3544,0.0993,17248.32,21174.23,17386.52,98d18e08
2026-10-08,010170,16970.0,0.7564,0.5932,0.5385,0.0955,14228.76,20744.46,14458.12,98d18e08
2026-10-08,010950,168700.0,0.9927,0.5139,0.4907,0.1407,147030.51,198537.12,148843.62,98d18e08
2026-10-08,011070,576000.0,0.96,0.5847,0.5942,0.1491,484966.53,701345.63,492583.42,98d18e08
2026-10-08,011170,59800.0,0.7127,0.4723,0.4586,0.1002,52727.46,69538.3,53319.23,98d18e08
2026-10-08,011200,20850.0,0.5855,0.3967,0.3142,0.1351,19555.16,22632.89,19663.5,98d18e08
2026-10-08,011210,51100.0,0.3127,0.4072,0.3606,0.1218,47084.33,56629.25,47420.33,98d18e08
2026-10-08,011780,114800.0,0.2764,0.3716,0.3235,0.1211,106035.13,126868.51,106768.5,98d18e08
2026-10-08,011790,108800.0,0.1745,0.4944,0.5385,0.1991,97195.6,124778.3,98166.56,98d18e08
2026-10-08,012330,364500.0,0.4,0.4491,0.4185,0.1199,331167.05,410396.73,333956.06,98d18e08
2026-10-08,012450,903000.0,0.8291,0.5139,0.4185,0.0543,781488.32,1070311.62,791655.36,98d18e08
2026-10-08,012630,23200.0,0.1273,0.4401,0.3768,0.0719,20737.52,26590.63,20943.56,98d18e08
2026-10-08,012750,84800.0,0.7855,0.4222,0.3624,0.1522,78779.59,93089.62,79283.32,98d18e08
2026-10-08,014680,274000.0,0.3891,0.4744,0.5232,0.1865,246001.93,312551.04,248344.57,98d18e08
2026-10-08,015760,29250.0,0.2945,0.3967,0.3544,0.1238,27254.01,31998.32,27421.02,98d18e08
2026-10-08,016360,86500.0,0.4291,0.4517,0.3606,0.1354,80033.66,95403.62,80574.7,98d18e08
2026-10-08,017800,70300.0,0.3309,0.3554,0.2437,0.1252,66664.82,75305.34,66968.98,98d18e08
2026-10-08,017960,19420.0,0.2873,0.4619,0.4185,0.1007,17577.6,21956.83,17731.76,98d18e08
2026-10-08,018260,197700.0,0.6873,0.4797,0.4185,0.0934,177841.71,225043.24,179503.28,98d18e08
2026-10-08,018670,268000.0,0.5636,0.4511,0.432,0.1687,245489.96,298994.49,247373.4,98d18e08
2026-10-08,018880,4010.0,0.6073,0.4944,0.5249,0.232,3605.44,4567.05,3639.29,98d18e08
2026-10-08,020150,55800.0,0.3091,0.5398,0.6209,0.2705,48332.23,66082.51,48957.07,98d18e08
2026-10-08,020560,8140.0,0.4982,0.402,0.3259,0.1272,7536.45,8971.04,7586.95,98d18e08
2026-10-08,021240,102800.0,0.5382,0.4222,0.3895,0.1323,94284.34,114525.36,94996.86,98d18e08
2026-10-08,023530,98400.0,0.8,0.5116,0.4425,0.0896,86661.23,114563.32,87643.43,98d18e08
2026-10-08,023590,36600.0,0.5491,0.3967,0.3235,0.1076,33762.37,40507.18,33999.8,98d18e08
2026-10-08,024110,19880.0,0.4364,0.3554,0.2211,0.1519,18982.53,21115.74,19057.63,98d18e08
2026-10-08,026960,26300.0,0.7091,0.3936,0.2948,0.148,24703.17,28498.7,24836.78,98d18e08
2026-10-08,028050,48000.0,0.7636,0.4752,0.432,0.1063,43116.74,54723.85,43525.33,98d18e08
2026-10-08,028260,325500.0,0.9636,0.4619,0.432,0.0852,288007.88,377123.58,291144.89,98d18e08
2026-10-08,028300,45600.0,0.56,0.5398,0.6209,0.1297,38066.26,55973.34,38696.62,98d18e08
2026-10-08,028670,6070.0,0.9127,0.4723,0.4425,0.1235,5417.86,6967.95,5472.42,98d18e08
2026-10-08,029780,41350.0,0.1382,0.3413,0.2092,0.1277,39514.04,43877.97,39667.66,98d18e08
2026-10-08,030000,18870.0,0.8582,0.3413,0.2487,0.1905,18070.95,19970.23,18137.81,98d18e08
2026-10-08,030530,28650.0,0.2691,0.4944,0.5942,0.136,24280.49,34666.46,24646.09,98d18e08
2026-10-08,030610,9630.0,0.4436,0.3967,0.3235,0.1327,9089.17,10374.68,9134.42,98d18e08
2026-10-08,031210,42150.0,0.7309,0.3716,0.288,0.1532,39538.03,45746.47,39756.58,98d18e08
2026-10-08,032640,14530.0,0.6364,0.3413,0.2211,0.1615,13899.49,15398.15,13952.25,98d18e08
2026-10-08,032820,11780.0,0.8764,0.5183,0.5249,0.0704,10018.92,14204.87,10166.27,98d18e08
2026-10-08,032830,272500.0,0.9745,0.4944,0.4519,0.1052,242498.05,313810.23,245008.35,98d18e08
2026-10-08,033780,178300.0,0.9273,0.3967,0.2943,0.1634,169494.63,190424.27,170231.39,98d18e08
2026-10-08,034020,75600.0,0.6618,0.4491,0.4185,0.0756,67574.66,86650.23,68246.15,98d18e08
2026-10-08,034220,8250.0,0.0145,0.4222,0.3768,0.1237,7592.68,9155.08,7647.68,98d18e08
2026-10-08,034730,567000.0,0.9855,0.4944,0.4907,0.1162,504117.77,653583.68,509379.2,98d18e08
2026-10-08,035250,14230.0,0.3164,0.3366,0.1839,0.1573,13724.47,14926.07,13766.77,98d18e08
2026-10-08,035420,183700.0,0.0218,0.3561,0.2948,0.1006,170753.4,201526.41,171836.66,98d18e08
2026-10-08,035720,32500.0,0.0073,0.3967,0.3259,0.122,30336.94,35478.36,30517.92,98d18e08
2026-10-08,035900,38375.0,0.0109,0.4222,0.3397,0.1584,36005.09,41638.18,36203.38,98d18e08
2026-10-08,036460,35800.0,0.5455,0.3554,0.2734,0.1485,33777.8,38584.41,33947.0,98d18e08
2026-10-08,036540,11700.0,0.3273,0.4619,0.5665,0.1871,10170.47,13806.04,10298.44,98d18e08
2026-10-08,036570,220500.0,0.9382,0.5183,0.4529,0.1152,192719.25,258751.82,195043.7,98d18e08
2026-10-08,036930,274500.0,0.5564,0.5617,0.6176,0.2136,230923.25,334501.61,234569.38,98d18e08
2026-10-08,039030,527000.0,0.2509,0.4944,0.5249,0.144,464023.09,613714.04,469292.45,98d18e08
2026-10-08,039200,37650.0,0.3236,0.4744,0.4727,0.1289,33458.46,43421.4,33809.18,98d18e08
2026-10-08,039490,244000.0,0.1964,0.4517,0.3768,0.1036,221214.78,275373.39,223121.24,98d18e08
2026-10-08,041510,77500.0,0.5236,0.4619,0.432,0.0888,68838.85,89425.7,69563.54,98d18e08
2026-10-08,042660,71900.0,0.0836,0.4222,0.3606,0.0785,65343.51,80927.75,65892.1,98d18e08
2026-10-08,042700,267000.0,0.5055,0.4944,0.5253,0.17,238443.13,306320.47,240832.52,98d18e08
2026-10-08,047040,16680.0,0.9891,0.5442,0.5249,0.0844,14171.49,20134.02,14381.38,98d18e08
2026-10-08,047050,57100.0,0.76,0.4401,0.432,0.1447,51721.37,64505.94,52171.4,98d18e08
2026-10-08,047810,121000.0,0.48,0.4744,0.3923,0.1007,109292.58,137120.15,110272.16,98d18e08
2026-10-08,051600,43850.0,0.4764,0.3772,0.3235,0.1159,40451.45,48529.53,40735.81,98d18e08
2026-10-08,051900,268500.0,0.1636,0.4072,0.3397,0.0845,242352.65,304502.75,244540.44,98d18e08
2026-10-08,051910,280000.0,0.1818,0.4335,0.4529,0.1626,251636.06,319054.82,254009.31,98d18e08
2026-10-08,052690,115300.0,0.6982,0.5183,0.5232,0.0458,95948.39,141945.59,97567.56,98d18e08
2026-10-08,055550,100600.0,0.9527,0.3967,0.2943,0.0889,93116.77,110903.79,93742.9,98d18e08
2026-10-08,058470,88800.0,0.3745,0.4944,0.5287,0.2442,79792.71,101202.3,80546.36,98d18e08
2026-10-08,058610,98200.0,0.2145,0.4723,0.52,0.1126,85632.29,115504.7,86683.85,98d18e08
2026-10-08,062040,222000.0,0.64,0.5061,0.5385,0.1372,195220.7,258872.9,197461.36,98d18e08
2026-10-08,064350,105700.0,0.1164,0.4797,0.4185,0.0768,94119.44,121645.48,95088.4,98d18e08
2026-10-08,064400,68700.0,0.2545,0.4744,0.432,0.1368,62445.86,77311.43,62969.16,98d18e08
2026-10-08,064760,296500.0,0.4945,0.5139,0.5253,0.1229,258370.11,349001.73,261560.49,98d18e08
2026-10-08,066570,201000.0,0.9345,0.5398,0.5249,0.123,175783.07,235721.64,177893.0,98d18e08
2026-10-08,067310,51500.0,0.3382,0.4797,0.5385,0.1833,45489.91,59775.41,45992.78,98d18e08
2026-10-08,068270,180100.0,0.36,0.3691,0.2654,0.1578,170531.78,193274.65,171332.37,98d18e08
2026-10-08,069620,108800.0,0.0691,0.4072,0.3397,0.1423,101056.57,119462.07,101704.47,98d18e08
2026-10-08,069960,86500.0,0.2982,0.4752,0.4185,0.0969,77973.3,98240.57,78686.74,98d18e08
2026-10-08,071050,170500.0,0.3418,0.4401,0.3259,0.0978,156302.64,190048.61,157490.55,98d18e08
2026-10-08,071970,42550.0,0.5309,0.5183,0.4425,0.0545,36929.08,50289.54,37399.39,98d18e08
2026-10-08,073240,6760.0,0.0255,0.4491,0.4425,0.104,6074.45,7703.95,6131.81,98d18e08
2026-10-08,078600,114800.0,0.1309,0.5183,0.5522,0.2528,102597.98,131601.18,103618.94,98d18e08
2026-10-08,078930,105700.0,0.8218,0.4944,0.4529,0.0893,91234.83,125617.35,92445.15,98d18e08
2026-10-08,079550,624000.0,0.9782,0.5334,0.4529,0.0617,530428.61,752840.13,538257.85,98d18e08
2026-10-08,081660,38450.0,0.6218,0.3967,0.3142,0.1343,35531.38,42468.69,35775.59,98d18e08
2026-10-08,082740,41550.0,0.8873,0.5183,0.4885,0.0506,35365.63,50065.37,35883.09,98d18e08
2026-10-08,082920,28150.0,0.9964,0.5334,0.5249,0.116,24354.32,33376.33,24671.91,98d18e08
2026-10-08,084370,174200.0,0.5964,0.5334,0.5522,0.152,150093.1,207393.22,152110.16,98d18e08
2026-10-08,085620,20250.0,0.3491,0.5662,0.5253,0.1012,17222.77,24418.25,17476.06,98d18e08
2026-10-08,086280,184600.0,0.6691,0.402,0.3259,0.0968,168495.77,206774.21,169843.23,98d18e08
2026-10-08,086450,22300.0,0.8618,0.5134,0.4907,0.1349,19710.61,25865.38,19927.26,98d18e08
2026-10-08,086520,91400.0,0.4073,0.4723,0.5249,0.1868,81827.46,104580.61,82628.41,98d18e08
2026-10-08,086790,125300.0,0.9455,0.3967,0.2943,0.0965,116344.92,137630.41,117094.2,98d18e08
2026-10-08,087010,91500.0,0.52,0.6546,0.5942,0.0054,61927.8,132218.5,64402.14,98d18e08
2026-10-08,088350,5200.0,0.3673,0.4619,0.4102,0.0861,4661.43,5941.56,4706.5,98d18e08
2026-10-08,089030,55500.0,0.0873,0.5061,0.5522,0.1441,48666.32,64909.41,49238.11,98d18e08
2026-10-08,089860,50600.0,0.88,0.4051,0.3259,0.1655,47172.23,55319.76,47459.04,98d18e08
2026-10-08,090430,134700.0,0.7491,0.4401,0.3624,0.0937,121927.25,152287.04,122995.96,98d18e08
2026-10-08,093370,15200.0,0.7673,0.5442,0.5665,0.1296,12933.92,18320.2,13123.53,98d18e08
2026-10-08,095340,200500.0,0.6473,0.5183,0.5232,0.1039,174843.26,235827.22,176990.0,98d18e08
2026-10-08,095610,164700.0,0.1491,0.5662,0.5429,0.1187,140154.93,198496.55,142208.64,98d18e08
2026-10-08,096530,37900.0,0.5018,0.4511,0.432,0.1632,34473.7,42617.74,34760.38,98d18e08
2026-10-08,096770,160700.0,0.6291,0.4752,0.5249,0.136,139786.65,189495.97,141536.5,98d18e08
2026-10-08,097230,14320.0,0.4691,0.4744,0.432,0.099,12838.6,16359.77,12962.55,98d18e08
2026-10-08,097950,184900.0,0.2655,0.3716,0.2611,0.1916,176968.6,195820.89,177632.23,98d18e08
2026-10-08,098460,38200.0,0.16,0.4944,0.5522,0.2547,34058.69,43902.24,34405.2,98d18e08
2026-10-08,101490,53250.0,0.08,0.4944,0.5385,0.2194,47872.45,60654.45,48322.4,98d18e08
2026-10-08,103140,65800.0,0.0545,0.4944,0.3923,0.0569,58079.8,76430.08,58725.76,98d18e08
2026-10-08,103590,82000.0,0.6582,0.5183,0.5385,0.1276,71935.03,95858.64,72777.18,98d18e08
2026-10-08,105560,164200.0,0.9055,0.4051,0.2943,0.1058,153169.28,179388.39,154092.24,98d18e08
2026-10-08,108490,299000.0,0.4109,0.4944,0.5522,0.106,254781.65,359885.04,258481.46,98d18e08
2026-10-08,111770,71100.0,0.32,0.3967,0.3235,0.1367,65225.55,79188.63,65717.08,98d18e08
2026-10-08,112610,56200.0,0.8473,0.4944,0.515,0.1637,49984.76,64757.87,50504.8,98d18e08
2026-10-08,120110,55800.0,0.8145,0.4944,0.4907,0.1287,49406.4,64603.47,49941.36,98d18e08
2026-10-08,128940,478500.0,0.6764,0.5061,0.4586,0.0687,414130.73,567131.21,419516.59,98d18e08
2026-10-08,131970,125400.0,0.1673,0.5847,0.6338,0.265,105567.95,152707.11,107227.32,98d18e08
2026-10-08,138040,128200.0,0.7782,0.4401,0.3895,0.1252,118063.14,142157.63,118911.3,98d18e08
2026-10-08,138930,15360.0,0.6509,0.4051,0.3235,0.1167,14217.67,16932.9,14313.25,98d18e08
2026-10-08,139130,17670.0,0.9309,0.4072,0.3235,0.113,16348.73,19489.28,16459.28,98d18e08
2026-10-08,139480,70900.0,0.1418,0.3716,0.2943,0.1539,67211.33,75978.99,67519.97,98d18e08
2026-10-08,140410,68600.0,0.0582,0.5183,0.5253,0.0779,58551.27,82436.28,59392.06,98d18e08
2026-10-08,140860,318500.0,0.5673,0.4797,0.4907,0.2131,287542.34,361126.16,290132.6,98d18e08
2026-10-08,141080,74400.0,0.7018,0.5183,0.515,0.0645,63359.11,89602.4,64282.92,98d18e08
2026-10-08,145020,182800.0,0.0509,0.3967,0.3544,0.0761,164131.68,208504.75,165693.68,98d18e08
2026-10-08,161390,62900.0,0.6436,0.4491,0.4102,0.1654,57785.47,69942.28,58213.41,98d18e08
2026-10-08,161890,138300.0,0.8182,0.5183,0.4529,0.0788,119518.18,164161.02,121089.68,98d18e08
2026-10-08,166090,63400.0,0.5127,0.4744,0.5249,0.1635,56442.43,72980.01,57024.58,98d18e08
2026-10-08,175330,27850.0,0.6327,0.4511,0.3768,0.0825,25155.79,31559.7,25381.22,98d18e08
2026-10-08,178320,41550.0,0.44,0.5334,0.5803,0.1889,35904.4,49323.53,36376.77,98d18e08
2026-10-08,180640,132200.0,0.7055,0.4619,0.432,0.1003,119023.78,150342.57,120126.26,98d18e08
2026-10-08,181710,56500.0,0.0364,0.4944,0.5249,0.1089,48740.85,67183.71,49390.07,98d18e08
2026-10-08,183300,34000.0,0.6036,0.5398,0.5522,0.1447,29486.56,40214.63,29864.21,98d18e08
2026-10-08,192080,57000.0,0.6727,0.3967,0.2948,0.1408,53268.92,62137.39,53581.1,98d18e08
2026-10-08,192820,307000.0,0.6145,0.5183,0.5232,0.1524,267393.87,361534.39,270707.77,98d18e08
2026-10-08,195870,65500.0,0.4909,0.5116,0.5522,0.1598,57377.26,76684.35,58056.9,98d18e08
2026-10-08,195940,40450.0,0.2218,0.3936,0.3259,0.1583,37513.6,44493.19,37759.29,98d18e08
2026-10-08,196170,242500.0,0.0291,0.4752,0.432,0.0781,213408.26,282556.95,215842.4,98d18e08
2026-10-08,204270,26600.0,0.0982,0.5398,0.5942,0.1298,22137.87,32743.98,22511.22,98d18e08
2026-10-08,204320,44800.0,0.3564,0.4222,0.3923,0.1153,40730.41,50403.5,41070.91,98d18e08
2026-10-08,207940,1220000.0,0.2473,0.4222,0.2611,0.0753,1121212.67,1356022.06,1129478.33,98d18e08
2026-10-08,214150,30100.0,0.2073,0.4723,0.4102,0.1159,27332.52,33910.59,27564.08,98d18e08
2026-10-08,214370,41400.0,0.72,0.5183,0.5249,0.1069,35825.58,49075.52,36292.0,98d18e08
2026-10-08,214450,305500.0,0.0036,0.4619,0.432,0.0844,271068.51,352909.34,273949.44,98d18e08
2026-10-08,218410,59500.0,0.5164,0.5183,0.5522,0.1387,52101.97,69686.49,52720.97,98d18e08
2026-10-08,222800,174700.0,0.4545,0.5183,0.5522,0.2117,152634.4,205082.52,154480.66,98d18e08
2026-10-08,226950,118200.0,0.6,0.5323,0.5522,0.1254,99572.66,143848.33,101131.23,98d18e08
2026-10-08,229640,73100.0,0.1927,0.5183,0.5942,0.2416,63900.68,85766.72,64670.39,98d18e08
2026-10-08,237690,92800.0,0.4727,0.4619,0.4185,0.1215,83283.37,105903.63,84079.63,98d18e08
2026-10-08,240810,140100.0,0.4327,0.5183,0.5522,0.1492,120116.15,167616.13,121788.22,98d18e08
2026-10-08,241560,53500.0,0.4618,0.3936,0.3235,0.0938,49290.24,59296.49,49642.48,98d18e08
2026-10-08,247540,126100.0,0.2327,0.4797,0.5429,0.191,111615.85,146043.49,112827.75,98d18e08
2026-10-08,251270,33650.0,0.4218,0.4222,0.3259,0.1234,31194.65,37030.81,31400.1,98d18e08
2026-10-08,259960,186750.0,0.2291,0.4072,0.2943,0.0855,170946.61,208509.97,172268.9,98d18e08
2026-10-08,263750,32800.0,0.6182,0.4222,0.4102,0.1292,30087.59,36534.77,30314.54,98d18e08
2026-10-08,267250,182100.0,0.8655,0.4619,0.432,0.0564,158221.72,214978.43,160219.65,98d18e08
2026-10-08,267260,612000.0,0.7455,0.4944,0.4529,0.0694,534079.75,719289.8,540599.44,98d18e08
2026-10-08,267270,108800.0,0.9418,0.5183,0.432,0.0484,93043.71,130495.11,94362.06,98d18e08
2026-10-08,271560,105200.0,0.2582,0.3716,0.2654,0.1073,98252.4,114766.28,98833.72,98d18e08
2026-10-08,272210,75100.0,0.6255,0.5334,0.5522,0.0991,63810.87,90644.21,64755.44,98d18e08
2026-10-08,277810,436500.0,0.5091,0.4752,0.4907,0.1387,388480.32,502619.16,392498.19,98d18e08
2026-10-08,278470,374500.0,0.7745,0.4944,0.422,0.1264,333649.94,430747.18,337067.92,98d18e08
2026-10-08,280360,123500.0,0.0182,0.4222,0.4185,0.0971,111676.2,139780.41,112665.51,98d18e08
2026-10-08,281820,123400.0,0.1782,0.5847,0.5803,0.2486,106870.82,146159.32,108253.84,98d18e08
2026-10-08,282330,127900.0,0.4473,0.3967,0.3397,0.0896,116807.47,143173.51,117735.59,98d18e08
2026-10-08,290650,56700.0,0.3964,0.5334,0.5522,0.1501,48631.06,67810.27,49306.2,98d18e08
2026-10-08,293490,9420.0,0.4836,0.4944,0.4907,0.1027,8239.97,11044.8,8338.71,98d18e08
2026-10-08,294870,22150.0,0.2618,0.3967,0.3259,0.0961,20379.48,24587.86,20527.62,98d18e08
2026-10-08,298020,280000.0,0.5927,0.4723,0.4185,0.0929,249313.52,322252.77,251881.1,98d18e08
2026-10-08,298040,2506000.0,0.9091,0.4944,0.4425,0.0717,2200386.8,2926804.33,2225957.85,98d18e08
2026-10-08,298380,48300.0,0.7273,0.5334,0.5522,0.0592,39916.64,59843.2,40618.09,98d18e08
2026-10-08,300720,16060.0,0.4182,0.3561,0.2611,0.1376,15269.24,17148.81,15335.4,98d18e08
2026-10-08,302440,37100.0,0.7236,0.4059,0.3606,0.1562,34531.37,40636.79,34746.29,98d18e08
2026-10-08,307950,375000.0,0.3818,0.4944,0.515,0.1569,336203.92,428419.02,339450.04,98d18e08
2026-10-08,310210,141400.0,0.7891,0.5847,0.6176,0.0768,113027.23,180466.98,115401.21,98d18e08
2026-10-08,316140,32500.0,0.8545,0.4072,0.3235,0.0879,29921.79,36049.98,30137.51,98d18e08
2026-10-08,319660,140500.0,0.5527,0.5847,0.5522,0.1042,116533.69,173499.64,118538.98,98d18e08
2026-10-08,322000,148100.0,0.0655,0.5662,0.5803,0.1624,125756.89,178864.63,127626.37,98d18e08
2026-10-08,323410,19550.0,0.1345,0.3554,0.2211,0.1268,18516.97,20972.39,18603.41,98d18e08
2026-10-08,326030,73750.0,0.1018,0.3967,0.3397,0.115,68229.51,81351.27,68691.41,98d18e08
2026-10-08,329180,386000.0,0.5891,0.4401,0.3624,0.0698,344422.03,443249.46,347900.91,98d18e08
2026-10-08,330590,4135.0,0.8436,0.3967,0.3259,0.1875,3896.1,4463.95,3916.09,98d18e08
2026-10-08,336260,44450.0,0.5745,0.5442,0.5942,0.061,36894.09,54853.87,37526.3,98d18e08
2026-10-08,347700,25500.0,0.6909,0.5662,0.6209,0.1202,21018.64,31670.47,21393.6,98d18e08
2026-10-08,347850,43050.0,0.7818,0.5442,0.5429,0.0792,35837.26,52981.35,36440.76,98d18e08
2026-10-08,352820,163050.0,0.2036,0.4619,0.422,0.1224,148410.09,183207.95,149635.03,98d18e08
2026-10-08,353200,159900.0,0.5818,0.5662,0.5665,0.2375,139226.69,188365.46,140956.45,98d18e08
2026-10-08,357780,413500.0,0.4582,0.4944,0.5249,0.164,369264.52,474408.63,372965.76,98d18e08
2026-10-08,361610,18520.0,0.0727,0.5139,0.5522,0.1368,16097.97,21854.94,16300.62,98d18e08
2026-10-08,373220,407000.0,0.1564,0.4401,0.4529,0.2115,371768.44,455510.97,374716.31,98d18e08
2026-10-08,375500,68000.0,0.8945,0.5183,0.3895,0.0485,59156.11,80177.32,59896.09,98d18e08
2026-10-08,377300,38450.0,0.2109,0.4222,0.4102,0.0938,34671.33,43652.92,34987.5,98d18e08
2026-10-08,383220,73200.0,0.5273,0.4335,0.3768,0.1631,67816.63,80612.46,68267.06,98d18e08
2026-10-08,395400,5235.0,0.84,0.3772,0.288,0.1494,4917.78,5671.78,4944.32,98d18e08
2026-10-08,402340,1081000.0,1.0,0.5398,0.5385,0.1119,933828.02,1283643.75,946142.09,98d18e08
2026-10-08,403870,65200.0,0.3345,0.5183,0.5522,0.168,56957.82,76548.81,57647.45,98d18e08
2026-10-08,420770,135400.0,0.9018,0.5847,0.5522,0.137,113529.07,165514.48,115359.04,98d18e08
2026-10-08,437730,48950.0,0.2182,0.4944,0.5522,0.0763,41276.08,59516.36,41918.16,98d18e08
2026-10-08,439260,45650.0,0.04,0.4401,0.3923,0.1415,42331.79,50218.9,42609.43,98d18e08
2026-10-08,443060,216000.0,0.7382,0.4944,0.432,0.0721,190536.22,251061.53,192666.81,98d18e08
2026-10-08,450080,38100.0,0.1455,0.4944,0.5249,0.1542,33847.23,43955.71,34203.07,98d18e08
2026-10-08,454910,70200.0,0.3055,0.4744,0.4885,0.1398,63146.33,79912.32,63736.52,98d18e08
2026-10-08,456040,72400.0,0.5782,0.4744,0.432,0.1229,65688.41,81641.31,66249.98,98d18e08
2026-10-08,457190,80400.0,0.3855,0.4752,0.5385,0.1914,71528.44,92615.41,72270.74,98d18e08
2026-10-08,458870,26300.0,0.1091,0.5183,0.5522,0.1357,22700.89,31255.69,23002.03,98d18e08
2026-10-08,462870,30250.0,0.3709,0.3936,0.2568,0.1231,28233.54,33026.5,28402.26,98d18e08
