code,name,market,sector_key,sector,industry_en,symbol
005930,삼성전자,KOSPI,tech,IT·반도체,Consumer Electronics,005930.KS
402340,SK스퀘어,KOSPI,tech,IT·반도체,Semiconductors,402340.KS
009150,삼성전기,KOSPI,tech,IT·반도체,"Hardware, Equipment & Parts",009150.KS
066570,LG전자,KOSPI,tech,IT·반도체,Consumer Electronics,066570.KS
042700,한미반도체,KOSPI,tech,IT·반도체,Semiconductors,042700.KS
018260,삼성에스디에스,KOSPI,tech,IT·반도체,Information Technology Services,018260.KS
011070,LG이노텍,KOSPI,tech,IT·반도체,"Hardware, Equipment & Parts",011070.KS
036930,주성엔지니어링,KOSDAQ,tech,IT·반도체,Semiconductors,036930.KQ
307950,현대오토에버,KOSPI,tech,IT·반도체,Information Technology Services,307950.KS
259960,크래프톤,KOSPI,tech,IT·반도체,Electronic Gaming & Multimedia,259960.KS
007660,이수페타시스,KOSPI,tech,IT·반도체,"Hardware, Equipment & Parts",007660.KS
353200,대덕전자,KOSPI,tech,IT·반도체,"Hardware, Equipment & Parts",353200.KS
064400,LG씨엔에스,KOSPI,tech,IT·반도체,Information Technology Services,064400.KS
240810,원익IPS,KOSDAQ,tech,IT·반도체,Semiconductors,240810.KQ
039030,이오테크닉스,KOSDAQ,tech,IT·반도체,Semiconductors,039030.KQ
058470,리노공업,KOSDAQ,tech,IT·반도체,Semiconductors,058470.KQ
222800,심텍,KOSDAQ,tech,IT·반도체,Semiconductors,222800.KQ
000990,DB하이텍,KOSPI,tech,IT·반도체,Semiconductors,000990.KS
403870,HPSP,KOSDAQ,tech,IT·반도체,Semiconductors,403870.KQ
036570,엔씨소프트,KOSPI,tech,IT·반도체,Electronic Gaming & Multimedia,036570.KS
319660,PSK,KOSDAQ,tech,IT·반도체,Semiconductors,319660.KQ
034220,LG디스플레이,KOSPI,tech,IT·반도체,Consumer Electronics,034220.KS
095340,ISC,KOSDAQ,tech,IT·반도체,Semiconductors,095340.KQ
067310,하나마이크론,KOSDAQ,tech,IT·반도체,Semiconductors,067310.KQ
095610,테스,KOSDAQ,tech,IT·반도체,Semiconductors,095610.KQ
251270,넷마블,KOSPI,tech,IT·반도체,Electronic Gaming & Multimedia,251270.KS
010170,대한광통신,KOSDAQ,tech,IT·반도체,Communication Equipment,010170.KQ
178320,서진시스템,KOSDAQ,tech,IT·반도체,Communication Equipment,178320.KQ
098460,고영,KOSDAQ,tech,IT·반도체,Semiconductors,098460.KQ
030530,원익홀딩스,KOSDAQ,tech,IT·반도체,Semiconductors,030530.KQ
140860,파크시스템스,KOSDAQ,tech,IT·반도체,"Hardware, Equipment & Parts",140860.KQ
263750,펄어비스,KOSDAQ,tech,IT·반도체,Software - Application,263750.KQ
007810,코리아써키트,KOSPI,tech,IT·반도체,"Hardware, Equipment & Parts",007810.KS
089030,테크윙,KOSDAQ,tech,IT·반도체,Semiconductors,089030.KQ
036540,SFA반도체,KOSDAQ,tech,IT·반도체,Semiconductors,036540.KQ
281820,케이씨텍,KOSPI,tech,IT·반도체,Semiconductors,281820.KS
462870,시프트업,KOSPI,tech,IT·반도체,Electronic Gaming & Multimedia,462870.KS
181710,NHN,KOSPI,tech,IT·반도체,Electronic Gaming & Multimedia,181710.KS
183300,코미코,KOSDAQ,tech,IT·반도체,Semiconductors,183300.KQ
420770,기가비스,KOSDAQ,tech,IT·반도체,Semiconductors,420770.KQ
218410,RFHIC,KOSDAQ,tech,IT·반도체,Semiconductors,218410.KQ
001820,삼화콘덴서,KOSPI,tech,IT·반도체,"Hardware, Equipment & Parts",001820.KS
361610,SK아이이테크놀로지,KOSPI,tech,IT·반도체,"Hardware, Equipment & Parts",361610.KS
204270,제이앤티씨,KOSDAQ,tech,IT·반도체,"Hardware, Equipment & Parts",204270.KQ
166090,하나머티리얼즈,KOSDAQ,tech,IT·반도체,Semiconductors,166090.KQ
003160,디아이,KOSPI,tech,IT·반도체,Semiconductors,003160.KS
192080,더블유게임즈,KOSPI,tech,IT·반도체,Electronic Gaming & Multimedia,192080.KS
101490,에스앤에스텍,KOSDAQ,tech,IT·반도체,Semiconductors,101490.KQ
195870,해성디에스,KOSPI,tech,IT·반도체,Semiconductors,195870.KS
293490,카카오게임즈,KOSDAQ,tech,IT·반도체,Electronic Gaming & Multimedia,293490.KQ
373220,LG에너지솔루션,KOSPI,ind,산업재·방산·조선·전력기기,Electrical Equipment & Parts,373220.KS
028260,삼성물산,KOSPI,ind,산업재·방산·조선·전력기기,Engineering & Construction,028260.KS
012450,한화에어로스페이스,KOSPI,ind,산업재·방산·조선·전력기기,Aerospace & Defense,012450.KS
034020,두산에너빌리티,KOSPI,ind,산업재·방산·조선·전력기기,Industrial - Machinery,034020.KS
329180,HD현대중공업,KOSPI,ind,산업재·방산·조선·전력기기,Aerospace & Defense,329180.KS
006400,삼성SDI,KOSPI,ind,산업재·방산·조선·전력기기,Electrical Equipment & Parts,006400.KS
034730,SK,KOSPI,ind,산업재·방산·조선·전력기기,Conglomerates,034730.KS
010120,LS ELECTRIC,KOSPI,ind,산업재·방산·조선·전력기기,Electrical Equipment & Parts,010120.KS
298040,효성중공업,KOSPI,ind,산업재·방산·조선·전력기기,Electrical Equipment & Parts,298040.KS
267260,HD현대일렉트릭,KOSPI,ind,산업재·방산·조선·전력기기,Electrical Equipment & Parts,267260.KS
042660,한화오션,KOSPI,ind,산업재·방산·조선·전력기기,Aerospace & Defense,042660.KS
000150,두산,KOSPI,ind,산업재·방산·조선·전력기기,Conglomerates,000150.KS
009540,HD한국조선해양,KOSPI,ind,산업재·방산·조선·전력기기,Aerospace & Defense,009540.KS
011200,HMM,KOSPI,ind,산업재·방산·조선·전력기기,Marine Shipping,011200.KS
010140,삼성중공업,KOSPI,ind,산업재·방산·조선·전력기기,Aerospace & Defense,010140.KS
079550,LIG디펜스&에어로스페이스,KOSPI,ind,산업재·방산·조선·전력기기,Aerospace & Defense,079550.KS
003670,포스코퓨처엠,KOSPI,ind,산업재·방산·조선·전력기기,Electrical Equipment & Parts,003670.KS
272210,한화시스템,KOSPI,ind,산업재·방산·조선·전력기기,Aerospace & Defense,272210.KS
086280,현대글로비스,KOSPI,ind,산업재·방산·조선·전력기기,Integrated Freight & Logistics,086280.KS
267250,HD현대,KOSPI,ind,산업재·방산·조선·전력기기,Industrial - Machinery,267250.KS
047810,한국항공우주,KOSPI,ind,산업재·방산·조선·전력기기,Aerospace & Defense,047810.KS
000720,현대건설,KOSPI,ind,산업재·방산·조선·전력기기,Engineering & Construction,000720.KS
064350,현대로템,KOSPI,ind,산업재·방산·조선·전력기기,Railroads,064350.KS
247540,에코프로비엠,KOSDAQ,ind,산업재·방산·조선·전력기기,Electrical Equipment & Parts,247540.KQ
003490,대한항공,KOSPI,ind,산업재·방산·조선·전력기기,"Airlines, Airports & Air Services",003490.KS
443060,HD현대마린솔루션,KOSPI,ind,산업재·방산·조선·전력기기,Aerospace & Defense,443060.KS
078930,GS,KOSPI,ind,산업재·방산·조선·전력기기,Conglomerates,078930.KS
000500,가온전선,KOSPI,ind,산업재·방산·조선·전력기기,Electrical Equipment & Parts,000500.KS
047050,포스코인터내셔널,KOSPI,ind,산업재·방산·조선·전력기기,Conglomerates,047050.KS
028050,삼성E&A,KOSPI,ind,산업재·방산·조선·전력기기,Engineering & Construction,028050.KS
277810,레인보우로보틱스,KOSDAQ,ind,산업재·방산·조선·전력기기,Industrial - Machinery,277810.KQ
006260,LS,KOSPI,ind,산업재·방산·조선·전력기기,Electrical Equipment & Parts,006260.KS
047040,대우건설,KOSPI,ind,산업재·방산·조선·전력기기,Engineering & Construction,047040.KS
062040,산일전기,KOSPI,ind,산업재·방산·조선·전력기기,Electrical Equipment & Parts,062040.KS
000880,한화,KOSPI,ind,산업재·방산·조선·전력기기,Conglomerates,000880.KS
001440,대한전선,KOSPI,ind,산업재·방산·조선·전력기기,Electrical Equipment & Parts,001440.KS
267270,HD현대건설기계,KOSPI,ind,산업재·방산·조선·전력기기,Industrial - Machinery,267270.KS
377300,카카오페이,KOSPI,ind,산업재·방산·조선·전력기기,Specialty Business Services,377300.KS
241560,두산밥캣,KOSPI,ind,산업재·방산·조선·전력기기,Industrial - Machinery,241560.KS
052690,한전기술,KOSPI,ind,산업재·방산·조선·전력기기,Engineering & Construction,052690.KS
454910,두산로보틱스,KOSPI,ind,산업재·방산·조선·전력기기,Industrial - Machinery,454910.KS
108490,로보티즈,KOSDAQ,ind,산업재·방산·조선·전력기기,Industrial - Machinery,108490.KQ
103590,일진전기,KOSPI,ind,산업재·방산·조선·전력기기,Electrical Equipment & Parts,103590.KS
082740,한화엔진,KOSPI,ind,산업재·방산·조선·전력기기,Industrial - Machinery,082740.KS
084370,유진테크,KOSDAQ,ind,산업재·방산·조선·전력기기,Industrial - Machinery,084370.KQ
001040,CJ,KOSPI,ind,산업재·방산·조선·전력기기,Conglomerates,001040.KS
028670,팬오션,KOSPI,ind,산업재·방산·조선·전력기기,Marine Shipping,028670.KS
064760,티씨케이,KOSDAQ,ind,산업재·방산·조선·전력기기,Electrical Equipment & Parts,064760.KQ
336260,두산퓨얼셀,KOSPI,ind,산업재·방산·조선·전력기기,Electrical Equipment & Parts,336260.KS
375500,DL이앤씨,KOSPI,ind,산업재·방산·조선·전력기기,Engineering & Construction,375500.KS
012750,에스원,KOSPI,ind,산업재·방산·조선·전력기기,Security & Protection Services,012750.KS
006360,GS건설,KOSPI,ind,산업재·방산·조선·전력기기,Engineering & Construction,006360.KS
020150,롯데에너지머티리얼즈,KOSPI,ind,산업재·방산·조선·전력기기,Electrical Equipment & Parts,020150.KS
004800,효성,KOSPI,ind,산업재·방산·조선·전력기기,Conglomerates,004800.KS
017800,현대엘리베이터,KOSPI,ind,산업재·방산·조선·전력기기,Industrial - Machinery,017800.KS
112610,CS윈드,KOSPI,ind,산업재·방산·조선·전력기기,Industrial - Machinery,112610.KS
058610,SPG,KOSDAQ,ind,산업재·방산·조선·전력기기,Electrical Equipment & Parts,058610.KQ
103140,풍산,KOSPI,ind,산업재·방산·조선·전력기기,Manufacturing - Metal Fabrication,103140.KS
131970,두산테스나,KOSDAQ,ind,산업재·방산·조선·전력기기,Specialty Business Services,131970.KQ
051600,한전KPS,KOSPI,ind,산업재·방산·조선·전력기기,Engineering & Construction,051600.KS
229640,LS에코에너지,KOSPI,ind,산업재·방산·조선·전력기기,Electrical Equipment & Parts,229640.KS
089860,롯데렌탈,KOSPI,ind,산업재·방산·조선·전력기기,Rental & Leasing Services,089860.KS
120110,코오롱인더스트리,KOSPI,ind,산업재·방산·조선·전력기기,Manufacturing - Textiles,120110.KS
439260,대한조선,KOSPI,ind,산업재·방산·조선·전력기기,Aerospace & Defense,439260.KS
060370,LS마린솔루션,KOSPI,ind,산업재·방산·조선·전력기기,Engineering & Construction,060370.KS
020560,아시아나항공,KOSPI,ind,산업재·방산·조선·전력기기,"Airlines, Airports & Air Services",020560.KS
071970,HD현대마린엔진,KOSPI,ind,산업재·방산·조선·전력기기,Industrial - Machinery,071970.KS
078600,대주전자재료,KOSDAQ,ind,산업재·방산·조선·전력기기,Electrical Equipment & Parts,078600.KQ
437730,삼현,KOSDAQ,ind,산업재·방산·조선·전력기기,Electrical Equipment & Parts,437730.KQ
001120,LX인터내셔널,KOSPI,ind,산업재·방산·조선·전력기기,Conglomerates,001120.KS
294870,HDC현대산업개발,KOSPI,ind,산업재·방산·조선·전력기기,Engineering & Construction,294870.KS
000120,CJ대한통운,KOSPI,ind,산업재·방산·조선·전력기기,Integrated Freight & Logistics,000120.KS
097230,HJ중공업,KOSPI,ind,산업재·방산·조선·전력기기,Engineering & Construction,097230.KS
082920,비츠로셀,KOSDAQ,ind,산업재·방산·조선·전력기기,Electrical Equipment & Parts,082920.KQ
001740,SK네트웍스,KOSPI,ind,산업재·방산·조선·전력기기,Conglomerates,001740.KS
298020,효성티앤씨,KOSPI,ind,산업재·방산·조선·전력기기,Manufacturing - Textiles,298020.KS
006340,대원전선,KOSPI,ind,산업재·방산·조선·전력기기,Electrical Equipment & Parts,006340.KS
105560,KB금융,KOSPI,fin,금융,Banks - Regional,105560.KS
032830,삼성생명,KOSPI,fin,금융,Insurance - Life,032830.KS
055550,신한지주,KOSPI,fin,금융,Banks - Regional,055550.KS
086790,하나금융지주,KOSPI,fin,금융,Banks,086790.KS
000810,삼성화재,KOSPI,fin,금융,Insurance - Property & Casualty,000810.KS
316140,우리금융지주,KOSPI,fin,금융,Banks - Regional,316140.KS
138040,메리츠금융지주,KOSPI,fin,금융,Investment - Banking & Investment Services,138040.KS
006800,미래에셋증권,KOSPI,fin,금융,Investment - Banking & Investment Services,006800.KS
024110,기업은행,KOSPI,fin,금융,Banks - Regional,024110.KS
005830,DB손해보험,KOSPI,fin,금융,Insurance - Property & Casualty,005830.KS
071050,한국금융지주,KOSPI,fin,금융,Financial - Capital Markets,071050.KS
005940,NH투자증권,KOSPI,fin,금융,Financial - Capital Markets,005940.KS
323410,카카오뱅크,KOSPI,fin,금융,Banks - Regional,323410.KS
016360,삼성증권,KOSPI,fin,금융,Financial - Capital Markets,016360.KS
039490,키움증권,KOSPI,fin,금융,Financial - Capital Markets,039490.KS
175330,JB금융지주,KOSPI,fin,금융,Banks - Regional,175330.KS
138930,BNK금융지주,KOSPI,fin,금융,Banks - Regional,138930.KS
029780,삼성카드,KOSPI,fin,금융,Financial - Credit Services,029780.KS
088350,한화생명,KOSPI,fin,금융,Insurance - Life,088350.KS
001450,현대해상,KOSPI,fin,금융,Insurance - Property & Casualty,001450.KS
139130,iM금융지주,KOSPI,fin,금융,Banks,139130.KS
031210,서울보증보험,KOSPI,fin,금융,Insurance - Diversified,031210.KS
085620,미래에셋생명,KOSPI,fin,금융,Insurance - Life,085620.KS
003690,코리안리,KOSPI,fin,금융,Insurance - Reinsurance,003690.KS
003540,대신증권,KOSPI,fin,금융,Investment - Banking & Investment Services,003540.KS
023590,다우기술,KOSPI,fin,금융,Financial - Capital Markets,023590.KS
006120,SK디스커버리,KOSPI,fin,금융,Financial - Conglomerates,006120.KS
001720,신영증권,KOSPI,fin,금융,Investment - Banking & Investment Services,001720.KS
030610,교보증권,KOSPI,fin,금융,Financial - Capital Markets,030610.KS
207940,삼성바이오로직스,KOSPI,health,헬스케어·바이오,Biotechnology,207940.KS
068270,셀트리온,KOSPI,health,헬스케어·바이오,Biotechnology,068270.KS
196170,알테오젠,KOSDAQ,health,헬스케어·바이오,Biotechnology,196170.KQ
0126Z0,삼성에피스홀딩스,KOSPI,health,헬스케어·바이오,Biotechnology,0126Z0.KS
128940,한미약품,KOSPI,health,헬스케어·바이오,Drug Manufacturers - Specialty & Generic,128940.KS
326030,SK바이오팜,KOSPI,health,헬스케어·바이오,Biotechnology,326030.KS
000100,유한양행,KOSPI,health,헬스케어·바이오,Drug Manufacturers - Specialty & Generic,000100.KS
028300,HLB,KOSDAQ,health,헬스케어·바이오,Biotechnology,028300.KQ
000250,삼천당제약,KOSDAQ,health,헬스케어·바이오,Medical - Pharmaceuticals,000250.KQ
008930,한미사이언스,KOSPI,health,헬스케어·바이오,Medical - Distribution,008930.KS
214450,파마리서치,KOSDAQ,health,헬스케어·바이오,Medical - Pharmaceuticals,214450.KQ
087010,펩트론,KOSDAQ,health,헬스케어·바이오,Biotechnology,087010.KQ
141080,리가켐바이오,KOSDAQ,health,헬스케어·바이오,Biotechnology,141080.KQ
298380,에이비엘바이오,KOSDAQ,health,헬스케어·바이오,Biotechnology,298380.KQ
302440,SK바이오사이언스,KOSPI,health,헬스케어·바이오,Biotechnology,302440.KS
310210,보로노이,KOSDAQ,health,헬스케어·바이오,Biotechnology,310210.KQ
226950,올릭스,KOSDAQ,health,헬스케어·바이오,Biotechnology,226950.KQ
009420,한올바이오파마,KOSPI,health,헬스케어·바이오,Medical - Pharmaceuticals,009420.KS
140410,메지온,KOSDAQ,health,헬스케어·바이오,Medical - Pharmaceuticals,140410.KQ
214150,클래시스,KOSDAQ,health,헬스케어·바이오,Medical - Devices,214150.KQ
145020,휴젤,KOSDAQ,health,헬스케어·바이오,Biotechnology,145020.KQ
237690,에스티팜,KOSDAQ,health,헬스케어·바이오,Medical - Pharmaceuticals,237690.KQ
347850,디앤디파마텍,KOSDAQ,health,헬스케어·바이오,Biotechnology,347850.KQ
096530,씨젠,KOSDAQ,health,헬스케어·바이오,Medical - Specialties,096530.KQ
006280,GC녹십자,KOSPI,health,헬스케어·바이오,Medical - Pharmaceuticals,006280.KS
039200,오스코텍,KOSDAQ,health,헬스케어·바이오,Medical - Pharmaceuticals,039200.KQ
290650,엘앤씨바이오,KOSDAQ,health,헬스케어·바이오,Medical - Devices,290650.KQ
069620,대웅제약,KOSPI,health,헬스케어·바이오,Drug Manufacturers - Specialty & Generic,069620.KS
347700,스피어,KOSDAQ,health,헬스케어·바이오,Medical - Healthcare Information Services,347700.KQ
195940,HK이노엔,KOSDAQ,health,헬스케어·바이오,Medical - Care Facilities,195940.KQ
458870,씨어스,KOSDAQ,health,헬스케어·바이오,Medical - Specialties,458870.KQ
086450,동국제약,KOSDAQ,health,헬스케어·바이오,Medical - Pharmaceuticals,086450.KQ
005380,현대차,KOSPI,cyc,자동차·경기소비재,Auto - Manufacturers,005380.KS
000270,기아,KOSPI,cyc,자동차·경기소비재,Auto - Manufacturers,000270.KS
012330,현대모비스,KOSPI,cyc,자동차·경기소비재,Auto - Parts,012330.KS
003550,LG,KOSPI,cyc,자동차·경기소비재,"Furnishings, Fixtures & Appliances",003550.KS
180640,한진칼,KOSPI,cyc,자동차·경기소비재,Travel Services,180640.KS
161390,한국타이어앤테크놀로지,KOSPI,cyc,자동차·경기소비재,Auto - Parts,161390.KS
021240,코웨이,KOSPI,cyc,자동차·경기소비재,"Furnishings, Fixtures & Appliances",021240.KS
018880,한온시스템,KOSPI,cyc,자동차·경기소비재,Auto - Parts,018880.KS
004170,신세계,KOSPI,cyc,자동차·경기소비재,Department Stores,004170.KS
023530,롯데쇼핑,KOSPI,cyc,자동차·경기소비재,Department Stores,023530.KS
111770,영원무역,KOSPI,cyc,자동차·경기소비재,Apparel - Manufacturers,111770.KS
035250,강원랜드,KOSPI,cyc,자동차·경기소비재,"Gambling, Resorts & Casinos",035250.KS
383220,F&F,KOSPI,cyc,자동차·경기소비재,Apparel - Manufacturers,383220.KS
007340,DN오토모티브,KOSPI,cyc,자동차·경기소비재,Auto - Parts,007340.KS
000240,한국앤컴퍼니,KOSPI,cyc,자동차·경기소비재,Auto - Parts,000240.KS
005850,에스엘,KOSPI,cyc,자동차·경기소비재,Auto - Parts,005850.KS
204320,HL만도,KOSPI,cyc,자동차·경기소비재,Auto - Parts,204320.KS
032820,우리기술,KOSDAQ,cyc,자동차·경기소비재,"Furnishings, Fixtures & Appliances",032820.KQ
081660,미스토홀딩스,KOSPI,cyc,자동차·경기소비재,Leisure,081660.KS
073240,금호타이어,KOSPI,cyc,자동차·경기소비재,Auto - Parts,073240.KS
069960,현대백화점,KOSPI,cyc,자동차·경기소비재,Department Stores,069960.KS
009970,영원무역홀딩스,KOSPI,cyc,자동차·경기소비재,Apparel - Manufacturers,009970.KS
007070,GS리테일,KOSPI,cyc,자동차·경기소비재,Department Stores,007070.KS
008770,호텔신라,KOSPI,cyc,자동차·경기소비재,Specialty Retail,008770.KS
011210,현대위아,KOSPI,cyc,자동차·경기소비재,Auto - Parts,011210.KS
005490,POSCO홀딩스,KOSPI,mat,소재·화학·철강,Steel,005490.KS
010130,고려아연,KOSPI,mat,소재·화학·철강,Industrial Materials,010130.KS
051910,LG화학,KOSPI,mat,소재·화학·철강,Chemicals,051910.KS
086520,에코프로,KOSDAQ,mat,소재·화학·철강,Chemicals,086520.KQ
011790,SKC,KOSPI,mat,소재·화학·철강,Chemicals - Specialty,011790.KS
010060,OCI홀딩스,KOSPI,mat,소재·화학·철강,Chemicals - Specialty,010060.KS
456040,OCI,KOSPI,mat,소재·화학·철강,Chemicals - Specialty,456040.KS
004020,현대제철,KOSPI,mat,소재·화학·철강,Steel,004020.KS
002380,KCC,KOSPI,mat,소재·화학·철강,Chemicals,002380.KS
357780,솔브레인,KOSDAQ,mat,소재·화학·철강,Chemicals,357780.KQ
014680,한솔케미칼,KOSPI,mat,소재·화학·철강,Chemicals,014680.KS
011780,금호석유화학,KOSPI,mat,소재·화학·철강,Chemicals - Specialty,011780.KS
450080,에코프로머티,KOSPI,mat,소재·화학·철강,Chemicals - Specialty,450080.KS
005290,동진쎄미켐,KOSDAQ,mat,소재·화학·철강,Chemicals,005290.KQ
011170,롯데케미칼,KOSPI,mat,소재·화학·철강,Chemicals - Specialty,011170.KS
457190,이수스페셜티케미컬,KOSPI,mat,소재·화학·철강,Chemicals,457190.KS
214370,케어젠,KOSDAQ,mat,소재·화학·철강,Chemicals,214370.KQ
093370,후성,KOSPI,mat,소재·화학·철강,Chemicals - Specialty,093370.KS
001430,세아베스틸지주,KOSPI,mat,소재·화학·철강,Steel,001430.KS
005070,코스모신소재,KOSPI,mat,소재·화학·철강,Chemicals - Specialty,005070.KS
300720,한일시멘트,KOSPI,mat,소재·화학·철강,Construction Materials,300720.KS
004000,롯데정밀화학,KOSPI,mat,소재·화학·철강,Chemicals - Specialty,004000.KS
017960,한국카본,KOSPI,mat,소재·화학·철강,Chemicals,017960.KS
000210,DL,KOSPI,mat,소재·화학·철강,Chemicals - Specialty,000210.KS
033780,KT&G,KOSPI,def,필수소비재·음식료,Tobacco,033780.KS
278470,에이피알,KOSPI,def,필수소비재·음식료,Household & Personal Products,278470.KS
003230,삼양식품,KOSPI,def,필수소비재·음식료,Packaged Foods,003230.KS
090430,아모레퍼시픽,KOSPI,def,필수소비재·음식료,Household & Personal Products,090430.KS
271560,오리온,KOSPI,def,필수소비재·음식료,Food Confectioners,271560.KS
051900,LG생활건강,KOSPI,def,필수소비재·음식료,Household & Personal Products,051900.KS
161890,한국콜마,KOSPI,def,필수소비재·음식료,Household & Personal Products,161890.KS
192820,코스맥스,KOSPI,def,필수소비재·음식료,Household & Personal Products,192820.KS
026960,동서,KOSPI,def,필수소비재·음식료,Food Distribution,026960.KS
097950,CJ제일제당,KOSPI,def,필수소비재·음식료,Packaged Foods,097950.KS
004370,농심,KOSPI,def,필수소비재·음식료,Packaged Foods,004370.KS
282330,BGF리테일,KOSPI,def,필수소비재·음식료,Grocery Stores,282330.KS
005440,현대지에프홀딩스,KOSPI,def,필수소비재·음식료,Food Distribution,005440.KS
002790,아모레퍼시픽홀딩스,KOSPI,def,필수소비재·음식료,Household & Personal Products,002790.KS
139480,이마트,KOSPI,def,필수소비재·음식료,Discount Stores,139480.KS
004990,롯데지주,KOSPI,def,필수소비재·음식료,Food Confectioners,004990.KS
007390,네이처셀,KOSDAQ,def,필수소비재·음식료,Beverages - Non-Alcoholic,007390.KQ
006040,동원산업,KOSPI,def,필수소비재·음식료,Packaged Foods,006040.KS
001800,오리온홀딩스,KOSPI,def,필수소비재·음식료,Food Confectioners,001800.KS
003380,하림지주,KOSDAQ,def,필수소비재·음식료,Packaged Foods,003380.KQ
007310,오뚜기,KOSPI,def,필수소비재·음식료,Packaged Foods,007310.KS
280360,롯데웰푸드,KOSPI,def,필수소비재·음식료,Food Confectioners,280360.KS
000080,하이트진로,KOSPI,def,필수소비재·음식료,Beverages - Alcoholic,000080.KS
035420,NAVER,KOSPI,comm,커뮤니케이션·인터넷·엔터,Internet Content & Information,035420.KS
035720,카카오,KOSPI,comm,커뮤니케이션·인터넷·엔터,Internet Content & Information,035720.KS
352820,하이브,KOSPI,comm,커뮤니케이션·인터넷·엔터,Entertainment,352820.KS
032640,LG유플러스,KOSPI,comm,커뮤니케이션·인터넷·엔터,Telecommunications Services,032640.KS
030000,제일기획,KOSPI,comm,커뮤니케이션·인터넷·엔터,Advertising Agencies,030000.KS
041510,SM엔터테인먼트,KOSDAQ,comm,커뮤니케이션·인터넷·엔터,Entertainment,041510.KQ
035900,JYP엔터테인먼트,KOSDAQ,comm,커뮤니케이션·인터넷·엔터,Entertainment,035900.KQ
096770,SK이노베이션,KOSPI,energy,에너지,Oil & Gas Refining & Marketing,096770.KS
010950,S-Oil,KOSPI,energy,에너지,Oil & Gas Refining & Marketing,010950.KS
009830,한화솔루션,KOSPI,energy,에너지,Solar,009830.KS
018670,SK가스,KOSPI,energy,에너지,Oil & Gas Refining & Marketing,018670.KS
322000,현대에너지솔루션,KOSPI,energy,에너지,Solar,322000.KS
015760,한국전력,KOSPI,util,유틸리티,Regulated Electric,015760.KS
036460,한국가스공사,KOSPI,util,유틸리티,Regulated Gas,036460.KS
395400,SK리츠,KOSPI,re,부동산·리츠,REIT - Office,395400.KS
330590,롯데리츠,KOSPI,re,부동산·리츠,REIT - Retail,330590.KS
012630,HDC,KOSPI,re,부동산·리츠,Real Estate - Development,012630.KS
