date,open,high,low,close,volume
2023-05-31,83000.0,107900.0,83000.0,107900.0,150193
2023-06-01,140200.0,140200.0,140200.0,140200.0,101236
2023-06-02,170000.0,174900.0,151500.0,151500.0,2388384
2023-06-05,152400.0,161900.0,142100.0,161900.0,1418611
2023-06-07,165800.0,210000.0,165700.0,210000.0,2541265
2023-06-08,220000.0,243000.0,207000.0,228000.0,2352369
2023-06-09,222000.0,242000.0,212500.0,238500.0,657846
2023-06-12,250000.0,310000.0,243500.0,310000.0,1137917
2023-06-13,333500.0,403000.0,332500.0,403000.0,1920414
2023-06-14,403000.0,403000.0,403000.0,403000.0,0
2023-06-15,433000.0,450000.0,363000.0,420000.0,1666486
2023-06-16,420000.0,420000.0,420000.0,420000.0,0
2023-06-19,413000.0,436500.0,390000.0,436500.0,551903
2023-06-20,417000.0,431000.0,403000.0,403000.0,385573
2023-06-21,403500.0,415000.0,351000.0,357500.0,890953
2023-06-22,343000.0,349500.0,300000.0,314000.0,1123054
2023-06-23,320000.0,359500.0,315500.0,338500.0,860744
2023-06-26,338500.0,351500.0,312500.0,338000.0,569091
2023-06-27,333000.0,333500.0,315000.0,317000.0,287216
2023-06-28,328000.0,328000.0,300500.0,305000.0,328473
2023-06-29,300000.0,301000.0,271500.0,275500.0,465343
2023-06-30,269000.0,325000.0,257000.0,325000.0,970352
2023-07-03,323000.0,337500.0,311500.0,333000.0,545480
2023-07-04,334500.0,335000.0,314000.0,327500.0,338049
2023-07-05,321500.0,322000.0,310000.0,311500.0,255766
2023-07-06,298000.0,332000.0,294000.0,312500.0,362469
2023-07-07,310500.0,314000.0,304000.0,310000.0,142384
2023-07-10,305000.0,308500.0,297000.0,297000.0,151008
2023-07-11,304000.0,324000.0,302000.0,315000.0,313466
2023-07-12,322000.0,323000.0,305000.0,312000.0,144184
2023-07-13,307500.0,332000.0,305000.0,331500.0,262774
2023-07-14,326500.0,347500.0,320000.0,341000.0,340883
2023-07-17,334000.0,346500.0,313000.0,341500.0,201517
2023-07-18,337000.0,343500.0,333000.0,341500.0,224850
2023-07-19,367500.0,372000.0,347000.0,363500.0,534504
2023-07-20,351000.0,355500.0,336000.0,338000.0,200929
2023-07-21,328500.0,335000.0,321500.0,327500.0,196708
2023-07-24,317500.0,326500.0,308000.0,310000.0,277141
2023-07-25,300500.0,325000.0,297000.0,299500.0,359445
2023-07-26,296500.0,297500.0,255000.0,271000.0,538844
2023-07-27,281000.0,311000.0,265000.0,271500.0,470390
2023-07-28,266500.0,276000.0,255000.0,269000.0,205477
2023-07-31,266500.0,292000.0,265000.0,284500.0,183572
2023-08-01,291000.0,295000.0,267000.0,270500.0,149199
2023-08-02,260000.0,269500.0,251000.0,251500.0,150089
2023-08-03,251500.0,254500.0,239500.0,244000.0,155992
2023-08-04,240500.0,247500.0,232000.0,234500.0,137828
2023-08-07,226000.0,228000.0,202500.0,206500.0,310049
2023-08-08,202000.0,222000.0,199700.0,212000.0,247301
2023-08-09,206000.0,240000.0,204000.0,216500.0,306498
2023-08-10,216500.0,221000.0,205000.0,207500.0,116464
2023-08-11,209500.0,225000.0,204000.0,222000.0,188517
2023-08-14,235000.0,257000.0,225500.0,241000.0,350850
2023-08-16,236500.0,236500.0,212500.0,218000.0,163408
2023-08-17,212000.0,222000.0,208000.0,217000.0,138426
2023-08-18,217000.0,218000.0,203500.0,210000.0,101044
2023-08-21,206500.0,216500.0,206500.0,210500.0,69315
2023-08-22,210500.0,215000.0,203500.0,209000.0,99270
2023-08-23,208000.0,209000.0,198000.0,198000.0,136282
2023-08-24,198100.0,206000.0,190600.0,204500.0,160433
2023-08-25,198000.0,203500.0,196500.0,198000.0,66055
2023-08-28,200000.0,207000.0,198600.0,204000.0,64142
2023-08-29,202000.0,206000.0,199300.0,203000.0,66089
2023-08-30,210000.0,263500.0,207500.0,263500.0,633719
2023-08-31,274500.0,285000.0,261000.0,281000.0,745729
2023-09-01,285000.0,285500.0,245500.0,247000.0,268993
2023-09-04,250000.0,267500.0,247500.0,248000.0,178997
2023-09-05,251000.0,261500.0,235500.0,241500.0,137337
2023-09-06,244000.0,248500.0,236500.0,242500.0,95241
2023-09-07,239000.0,244000.0,230500.0,243500.0,89062
2023-09-08,252000.0,260000.0,241500.0,244500.0,110344
2023-09-11,246000.0,247000.0,232000.0,235000.0,63303
2023-09-12,240000.0,244000.0,223500.0,224000.0,77735
2023-09-13,220000.0,239000.0,217000.0,222500.0,79349
2023-09-14,223000.0,233500.0,221000.0,232000.0,51124
2023-09-15,235500.0,239000.0,228000.0,239000.0,52824
2023-09-18,236000.0,239000.0,229500.0,229500.0,39631
2023-09-19,226500.0,233000.0,217000.0,217500.0,53295
2023-09-20,215500.0,224500.0,213000.0,217500.0,50274
2023-09-21,215500.0,233000.0,212500.0,219000.0,73271
2023-09-22,215000.0,220500.0,210500.0,215500.0,44863
2023-09-25,213500.0,218500.0,202000.0,202500.0,59557
2023-09-26,202500.0,207000.0,202000.0,202500.0,33365
2023-09-27,200000.0,208500.0,198500.0,208500.0,28661
2023-10-04,204000.0,204500.0,200000.0,200000.0,28718
2023-10-05,203000.0,204000.0,194500.0,194500.0,38373
2023-10-06,191000.0,198400.0,191000.0,191500.0,33522
2023-10-10,192100.0,193500.0,174500.0,174500.0,90385
2023-10-11,175500.0,186100.0,175500.0,182500.0,52116
2023-10-12,182500.0,187300.0,182500.0,184100.0,33077
2023-10-13,182000.0,182500.0,176300.0,177200.0,38352
2023-10-16,174500.0,175800.0,170000.0,173300.0,45015
2023-10-17,175000.0,183800.0,175000.0,183400.0,44500
2023-10-18,181000.0,185400.0,175200.0,175200.0,42177
2023-10-19,171100.0,173000.0,165000.0,166300.0,51953
2023-10-20,161000.0,163900.0,154800.0,157300.0,71285
2023-10-23,153100.0,158200.0,152900.0,153300.0,38144
2023-10-24,155300.0,158500.0,145000.0,158100.0,67374
2023-10-25,160000.0,160100.0,146600.0,146600.0,42873
2023-10-26,141000.0,141800.0,130500.0,130700.0,133623
2023-10-27,130100.0,133300.0,126100.0,126200.0,127620
2023-10-30,123600.0,128000.0,121600.0,125600.0,68155
2023-10-31,125700.0,127000.0,113000.0,114000.0,123339
2023-11-01,115800.0,131200.0,115700.0,119900.0,175879
2023-11-02,124900.0,141500.0,124000.0,134600.0,210868
2023-11-03,142000.0,149500.0,136400.0,137400.0,160218
2023-11-06,158000.0,174100.0,145000.0,170800.0,352533
2023-11-07,170800.0,172300.0,143300.0,146400.0,265095
2023-11-08,144700.0,150800.0,138600.0,140100.0,106346
2023-11-09,142500.0,164000.0,136300.0,152100.0,238894
2023-11-10,146400.0,165000.0,144000.0,158400.0,175975
2023-11-13,166500.0,166500.0,148700.0,148700.0,94313
2023-11-14,152500.0,166200.0,152200.0,163100.0,165894
2023-11-15,171000.0,171800.0,159600.0,161000.0,131684
2023-11-16,161000.0,168400.0,159200.0,160800.0,88937
2023-11-17,158500.0,158800.0,146700.0,151600.0,111954
2023-11-20,150000.0,152700.0,148400.0,151400.0,59571
2023-11-21,152900.0,153400.0,148300.0,150000.0,56900
2023-11-22,148600.0,152500.0,145800.0,152300.0,86316
2023-11-23,151300.0,152900.0,147500.0,149000.0,63038
2023-11-24,149000.0,151400.0,146800.0,146800.0,46773
2023-11-27,146800.0,153200.0,140000.0,151800.0,153980
2023-11-28,162500.0,170700.0,151000.0,151100.0,274233
2023-11-29,153100.0,154500.0,148200.0,150200.0,93218
2023-11-30,155000.0,195200.0,154100.0,192800.0,1428804
2023-12-01,190000.0,204500.0,178500.0,193900.0,828742
2023-12-04,197400.0,198200.0,179200.0,180500.0,241293
2023-12-05,176900.0,189500.0,175600.0,178400.0,202744
2023-12-06,174900.0,180300.0,173800.0,173800.0,91569
2023-12-07,175000.0,189000.0,171900.0,172700.0,294380
2023-12-08,174900.0,177100.0,169100.0,172900.0,104895
2023-12-11,173500.0,184800.0,172900.0,178100.0,205326
2023-12-12,179400.0,182600.0,176400.0,182400.0,90512
2023-12-13,179900.0,182300.0,174400.0,174500.0,75787
2023-12-14,177500.0,179000.0,172800.0,175000.0,56741
2023-12-15,177100.0,183000.0,172600.0,173000.0,111349
2023-12-18,174900.0,175800.0,169800.0,173400.0,79535
2023-12-19,173600.0,174200.0,170000.0,170600.0,67864
2023-12-20,171600.0,174700.0,171300.0,172600.0,60468
2023-12-21,170800.0,173400.0,169200.0,170900.0,56117
2023-12-22,172900.0,172900.0,167000.0,167000.0,45443
2023-12-26,168700.0,169000.0,157000.0,157000.0,77066
2023-12-27,158300.0,162000.0,157300.0,157400.0,39337
2023-12-28,157500.0,161000.0,155000.0,158100.0,38619
2024-01-02,158100.0,171900.0,156800.0,168000.0,95850
2024-01-03,166300.0,169300.0,164700.0,166700.0,39597
2024-01-04,165000.0,169500.0,161000.0,168600.0,46265
2024-01-05,174000.0,197500.0,174000.0,177900.0,545850
2024-01-08,182900.0,189300.0,177200.0,177500.0,158234
2024-01-09,178500.0,182400.0,177000.0,177300.0,65634
2024-01-10,175600.0,176800.0,170800.0,170800.0,52485
2024-01-11,170700.0,175500.0,170700.0,173000.0,49719
2024-01-12,172500.0,174600.0,167200.0,169600.0,49617
2024-01-15,169600.0,171000.0,167100.0,180000.0,8657
2024-01-16,179300.0,179700.0,171400.0,173600.0,64019
2024-01-17,173800.0,175000.0,167500.0,167600.0,46443
2024-01-18,167000.0,171600.0,167000.0,167000.0,37020
2024-01-19,168100.0,169600.0,162500.0,164000.0,42541
2024-01-22,161400.0,162400.0,151500.0,153700.0,80464
2024-01-23,153400.0,156000.0,150000.0,150500.0,56652
2024-01-24,152000.0,167100.0,151300.0,166000.0,118577
2024-01-25,195000.0,212000.0,184700.0,185300.0,946681
2024-01-26,185300.0,191000.0,175000.0,176600.0,203009
2024-01-29,176700.0,185700.0,173700.0,180400.0,135615
2024-01-30,180400.0,186400.0,174400.0,175200.0,93109
2024-01-31,173500.0,176500.0,171300.0,173300.0,45626
2024-02-01,171800.0,174700.0,170700.0,174500.0,41600
2024-02-02,175300.0,181500.0,175000.0,179300.0,60803
2024-02-05,181900.0,204000.0,181600.0,195200.0,315180
2024-02-06,198300.0,253500.0,198300.0,253500.0,1398532
2024-02-07,258500.0,266000.0,236500.0,253000.0,861310
2024-02-08,249000.0,255500.0,224500.0,228000.0,525936
2024-02-13,222500.0,232000.0,215000.0,232000.0,352252
2024-02-14,224500.0,234000.0,222500.0,228500.0,186024
2024-02-15,232500.0,245500.0,225000.0,237000.0,354402
2024-02-16,245000.0,251000.0,233500.0,234500.0,183649
2024-02-19,234500.0,238000.0,228500.0,229000.0,104853
2024-02-20,227000.0,246000.0,221500.0,244000.0,191611
2024-02-21,239500.0,252500.0,236000.0,247500.0,196872
2024-02-22,246000.0,281500.0,241500.0,253500.0,693446
2024-02-23,255000.0,273500.0,249500.0,269000.0,333378
2024-02-26,286500.0,345000.0,280000.0,329000.0,1607831
2024-02-27,329000.0,358500.0,323500.0,342500.0,937521
2024-02-28,337500.0,377000.0,331500.0,358000.0,718636
2024-02-29,358500.0,360000.0,322500.0,327000.0,403250
2024-03-04,322500.0,328500.0,302500.0,303000.0,364574
2024-03-05,300500.0,338000.0,300500.0,334500.0,422526
2024-03-06,334500.0,351500.0,314500.0,320000.0,332189
2024-03-07,321500.0,354500.0,321000.0,344500.0,597126
2024-03-08,360000.0,404000.0,348000.0,376000.0,1179804
2024-03-11,384000.0,395000.0,358500.0,366500.0,515840
2024-03-12,380500.0,389500.0,335000.0,371500.0,809192
2024-03-13,370500.0,376500.0,351500.0,358500.0,228534
2024-03-14,352000.0,364500.0,332000.0,332500.0,243065
2024-03-15,325500.0,349000.0,325000.0,342500.0,289980
2024-03-18,360000.0,407000.0,356000.0,402000.0,980641
2024-03-19,397500.0,402000.0,383500.0,390000.0,299814
2024-03-20,393500.0,401000.0,378000.0,382500.0,246604
2024-03-21,385500.0,390000.0,367000.0,369500.0,206758
2024-03-22,373000.0,391500.0,364000.0,386500.0,218215
2024-03-25,382000.0,393000.0,375500.0,378000.0,143052
2024-03-26,383500.0,384000.0,369500.0,373000.0,142073
2024-03-27,373500.0,382500.0,365500.0,372500.0,137352
2024-03-28,375500.0,378500.0,360500.0,364000.0,125451
2024-03-29,359000.0,359000.0,328000.0,331000.0,274631
2024-04-01,322000.0,331000.0,314000.0,319000.0,216210
2024-04-02,312500.0,325500.0,302500.0,306000.0,196355
2024-04-03,306000.0,323500.0,297500.0,320500.0,305321
2024-04-04,322000.0,327000.0,311500.0,312500.0,130748
2024-04-05,312000.0,321000.0,300500.0,311000.0,121093
2024-04-08,308000.0,308000.0,281000.0,292000.0,165635
2024-04-09,292000.0,319500.0,286500.0,316500.0,126333
2024-04-11,309000.0,333500.0,301500.0,317000.0,155027
2024-04-12,325000.0,326500.0,315000.0,320500.0,69077
2024-04-15,312500.0,326000.0,310000.0,319000.0,73797
2024-04-16,319000.0,322000.0,293500.0,296000.0,98032
2024-04-17,300000.0,310500.0,292500.0,295000.0,87429
2024-04-18,295500.0,320500.0,295500.0,317000.0,108876
2024-04-19,316500.0,331000.0,312500.0,320500.0,161553
2024-04-22,328000.0,344000.0,325000.0,339500.0,219559
2024-04-23,339500.0,339500.0,339500.0,339500.0,0
2024-04-24,339500.0,339500.0,339500.0,339500.0,0
2024-04-25,339500.0,339500.0,339500.0,339500.0,0
2024-04-26,339500.0,339500.0,339500.0,339500.0,0
2024-04-29,339500.0,339500.0,339500.0,339500.0,0
2024-04-30,339500.0,339500.0,339500.0,339500.0,0
2024-05-02,67000.0,67500.0,58400.0,61000.0,1325618
2024-05-03,60200.0,60300.0,55600.0,55600.0,914793
2024-05-07,55600.0,57200.0,54200.0,55100.0,584297
2024-05-08,54400.0,57000.0,52100.0,57000.0,812778
2024-05-09,56300.0,56700.0,54000.0,54000.0,395305
2024-05-10,54000.0,55200.0,53500.0,53900.0,223798
2024-05-13,53900.0,54200.0,51700.0,52700.0,327925
2024-05-14,52700.0,54600.0,52700.0,52700.0,209489
2024-05-16,53000.0,54800.0,52700.0,54500.0,306763
2024-05-17,53900.0,54400.0,52600.0,53100.0,213916
2024-05-20,53100.0,56200.0,52100.0,55400.0,424997
2024-05-21,55500.0,55600.0,52200.0,52400.0,336709
2024-05-22,52700.0,52700.0,49500.0,50000.0,399629
2024-05-23,49600.0,50500.0,47900.0,48050.0,415555
2024-05-24,47300.0,47600.0,45800.0,46350.0,434922
2024-05-27,46250.0,47900.0,44300.0,47550.0,665435
2024-05-28,47550.0,47550.0,44300.0,45300.0,484402
2024-05-29,44600.0,45100.0,43150.0,43200.0,369619
2024-05-30,42950.0,48750.0,42800.0,45100.0,1391518
2024-05-31,44450.0,49700.0,44400.0,49400.0,1198087
2024-06-03,50000.0,53400.0,48500.0,51900.0,745619
2024-06-04,51600.0,52400.0,50300.0,51600.0,373276
2024-06-05,51000.0,54800.0,51000.0,53200.0,629023
2024-06-07,53800.0,55300.0,52000.0,54500.0,432279
2024-06-10,54500.0,58000.0,53000.0,57600.0,805098
2024-06-11,58000.0,59700.0,56500.0,58000.0,814586
2024-06-12,58600.0,58700.0,55000.0,56500.0,526657
2024-06-13,57700.0,58900.0,56200.0,58000.0,962809
2024-06-14,58300.0,58400.0,54300.0,54400.0,437521
2024-06-17,52100.0,55300.0,52000.0,54400.0,335304
2024-06-18,54400.0,54900.0,52200.0,52900.0,333668
2024-06-19,52200.0,53300.0,51500.0,52600.0,263373
2024-06-20,52300.0,53100.0,48650.0,48950.0,491563
2024-06-21,48500.0,49250.0,47550.0,48900.0,352855
2024-06-24,48250.0,48450.0,47100.0,47600.0,228439
2024-06-25,48050.0,52400.0,48050.0,48800.0,714679
2024-06-26,48500.0,49350.0,46550.0,46800.0,326736
2024-06-27,47600.0,48650.0,45500.0,45900.0,352039
2024-06-28,45500.0,48150.0,45500.0,47700.0,267982
2024-07-01,47700.0,48000.0,46300.0,47550.0,155022
2024-07-02,49000.0,49000.0,45350.0,45500.0,274927
2024-07-03,46400.0,48450.0,45800.0,45950.0,325804
2024-07-04,46500.0,46950.0,44550.0,44950.0,243779
2024-07-05,44900.0,46050.0,44800.0,45100.0,181008
2024-07-08,45150.0,47750.0,44350.0,47200.0,278997
2024-07-09,47250.0,47700.0,45150.0,45400.0,291685
2024-07-10,45450.0,45500.0,44000.0,45000.0,199844
2024-07-11,45100.0,45350.0,44350.0,44350.0,205125
2024-07-12,46000.0,47750.0,44400.0,44850.0,426160
2024-07-15,44950.0,45700.0,44300.0,44500.0,114730
2024-07-16,44700.0,44700.0,41800.0,41800.0,409035
2024-07-17,41450.0,42000.0,39850.0,39900.0,399082
2024-07-18,38900.0,40450.0,38500.0,39600.0,285907
2024-07-19,39100.0,39400.0,37700.0,38850.0,341619
2024-07-22,38400.0,38950.0,36800.0,37350.0,242822
2024-07-23,37700.0,38000.0,36250.0,36700.0,261962
2024-07-24,36000.0,38300.0,36000.0,37050.0,261933
2024-07-25,35850.0,36850.0,35350.0,36050.0,245545
2024-07-26,36050.0,36300.0,35050.0,35450.0,149922
2024-07-29,35200.0,35750.0,35000.0,35050.0,161930
2024-07-30,34750.0,35700.0,34100.0,35300.0,243395
2024-07-31,35100.0,35250.0,33700.0,34700.0,260386
2024-08-01,34750.0,36000.0,34450.0,35700.0,201148
2024-08-02,34450.0,34900.0,33000.0,33200.0,281464
2024-08-05,32000.0,32400.0,26700.0,27800.0,574597
2024-08-06,28050.0,31300.0,28050.0,30550.0,498587
2024-08-07,29900.0,30650.0,29550.0,30200.0,262146
2024-08-08,29500.0,30600.0,28750.0,29850.0,245430
2024-08-09,30350.0,32150.0,30350.0,31200.0,391349
2024-08-12,31400.0,33400.0,30500.0,32350.0,331530
2024-08-13,32150.0,40650.0,31800.0,36600.0,4605926
2024-08-14,37200.0,38850.0,36700.0,38250.0,1042427
2024-08-16,39100.0,40000.0,37950.0,38150.0,660676
2024-08-19,42750.0,45400.0,40100.0,40250.0,2617057
2024-08-20,41000.0,52300.0,40950.0,52300.0,5520683
2024-08-21,50500.0,51400.0,48150.0,48850.0,2612891
2024-08-22,49200.0,50300.0,45300.0,47450.0,2024693
2024-08-23,47800.0,48850.0,45250.0,45350.0,1050076
2024-08-26,44800.0,46700.0,44100.0,45350.0,677858
2024-08-27,44700.0,45350.0,42850.0,43500.0,622826
2024-08-28,43550.0,45650.0,43150.0,44150.0,797485
2024-08-29,43750.0,52700.0,42900.0,50500.0,5685424
2024-08-30,51500.0,54500.0,51100.0,53100.0,2490904
2024-09-02,52800.0,53600.0,50000.0,53400.0,1446356
2024-09-03,55900.0,57600.0,50700.0,50800.0,1615011
2024-09-04,47350.0,53200.0,47100.0,52000.0,1452747
2024-09-05,51800.0,54200.0,50200.0,54200.0,859182
2024-09-06,53300.0,54400.0,48000.0,48750.0,846502
2024-09-09,47300.0,47900.0,44400.0,44400.0,950081
2024-09-10,44750.0,48150.0,43250.0,43350.0,1130740
2024-09-11,43400.0,46850.0,42950.0,46200.0,853052
2024-09-12,46500.0,47450.0,45550.0,47200.0,499146
2024-09-13,47150.0,48450.0,45550.0,48000.0,443186
2024-09-19,48500.0,51000.0,48050.0,49000.0,418334
2024-09-20,49500.0,50300.0,47400.0,47400.0,428707
2024-09-23,48850.0,54500.0,48700.0,51300.0,2648962
2024-09-24,50900.0,53600.0,50900.0,52600.0,892477
2024-09-25,53100.0,54000.0,51600.0,52600.0,712584
2024-09-26,53400.0,53900.0,52200.0,53400.0,504656
2024-09-27,53700.0,53800.0,51200.0,52300.0,440047
2024-09-30,51700.0,57300.0,51100.0,51400.0,1558891
2024-10-02,49950.0,52400.0,49850.0,50600.0,392140
2024-10-04,50400.0,51200.0,50000.0,50400.0,248979
2024-10-07,50600.0,52700.0,50500.0,51500.0,392898
2024-10-08,50900.0,52000.0,50200.0,51400.0,307075
2024-10-10,52700.0,54100.0,51900.0,52100.0,682215
2024-10-11,52200.0,52600.0,49350.0,49350.0,414180
2024-10-14,48700.0,49550.0,47400.0,48450.0,372168
2024-10-15,48500.0,49600.0,47350.0,47650.0,263523
2024-10-16,48000.0,48500.0,46800.0,47300.0,244943
2024-10-17,47300.0,48100.0,45600.0,45850.0,287039
2024-10-18,45600.0,46200.0,44400.0,45100.0,279167
2024-10-21,45100.0,45850.0,44250.0,44500.0,306884
2024-10-22,46150.0,46400.0,40750.0,41000.0,632850
2024-10-23,40400.0,42850.0,39700.0,42150.0,563715
2024-10-24,42300.0,43250.0,40100.0,41000.0,255569
2024-10-25,42550.0,44200.0,41050.0,41150.0,335045
2024-10-28,40950.0,43000.0,40850.0,42800.0,259426
2024-10-29,42250.0,42350.0,41200.0,41700.0,175672
2024-10-30,41600.0,41800.0,40500.0,40650.0,164607
2024-10-31,39900.0,40650.0,39300.0,40600.0,241659
2024-11-01,39700.0,40400.0,39450.0,39700.0,176499
2024-11-04,39700.0,42300.0,39700.0,41850.0,292640
2024-11-05,41600.0,43000.0,40700.0,41900.0,240968
2024-11-06,42450.0,42550.0,38050.0,38150.0,468378
2024-11-07,38500.0,39050.0,36900.0,38500.0,283496
2024-11-08,38400.0,39600.0,38300.0,38500.0,234639
2024-11-11,38450.0,38500.0,35400.0,35850.0,395164
2024-11-12,35600.0,44850.0,33750.0,42800.0,2681641
2024-11-13,42000.0,44100.0,40800.0,42700.0,869528
2024-11-14,41000.0,41000.0,34650.0,35150.0,1570658
2024-11-15,33700.0,34250.0,31850.0,32450.0,721800
2024-11-18,31900.0,33400.0,31850.0,32050.0,379272
2024-11-19,32050.0,32400.0,31350.0,32350.0,227655
2024-11-20,32350.0,33400.0,31950.0,32650.0,210008
2024-11-21,32550.0,33400.0,32000.0,33150.0,171773
2024-11-22,33150.0,36350.0,33150.0,35450.0,408499
2024-11-25,35750.0,37300.0,35550.0,36850.0,210881
2024-11-26,36850.0,37700.0,36250.0,36900.0,205306
2024-11-27,36950.0,37250.0,35750.0,36450.0,140717
2024-11-28,36450.0,38500.0,36250.0,37000.0,179001
2024-11-29,37350.0,37350.0,34850.0,35200.0,166784
2024-12-02,35650.0,36550.0,34250.0,34300.0,182636
2024-12-03,34750.0,37750.0,34300.0,34400.0,646514
2024-12-04,33800.0,34400.0,32350.0,32400.0,332856
2024-12-05,32650.0,33000.0,30950.0,31100.0,230431
2024-12-06,30700.0,31550.0,29800.0,31150.0,281752
2024-12-09,30050.0,30400.0,29050.0,29100.0,322228
2024-12-10,29350.0,31100.0,29350.0,30900.0,170092
2024-12-11,30550.0,32000.0,30550.0,32000.0,128263
2024-12-12,32300.0,32450.0,30600.0,31400.0,236991
2024-12-13,31100.0,31650.0,30950.0,31150.0,162486
2024-12-16,32450.0,33350.0,32150.0,32600.0,223878
2024-12-17,32850.0,33750.0,31650.0,32050.0,167949
2024-12-18,31800.0,33200.0,31700.0,32350.0,147342
2024-12-19,31500.0,31750.0,31050.0,31100.0,117875
2024-12-20,31100.0,31150.0,29300.0,29400.0,225421
2024-12-23,29750.0,31300.0,29700.0,30800.0,170299
2024-12-24,31050.0,33600.0,31050.0,31700.0,289197
2024-12-26,32100.0,32350.0,30900.0,31700.0,158849
2024-12-27,31700.0,32400.0,30050.0,30300.0,189611
2024-12-30,30200.0,31650.0,29800.0,31450.0,142856
2025-01-02,31050.0,31400.0,29700.0,30050.0,266988
2025-01-03,29850.0,33950.0,29800.0,32900.0,569255
2025-01-06,34000.0,34600.0,33200.0,34200.0,414762
2025-01-07,34500.0,35900.0,34050.0,34850.0,341015
2025-01-08,34500.0,37300.0,33850.0,36800.0,363460
2025-01-09,37100.0,40000.0,36050.0,38650.0,709631
2025-01-10,38300.0,39150.0,37650.0,38000.0,281602
2025-01-13,37500.0,38450.0,36300.0,36400.0,259310
2025-01-14,37500.0,37950.0,35450.0,36550.0,337213
2025-01-15,37000.0,37400.0,35650.0,36600.0,227745
2025-01-16,37050.0,38000.0,36650.0,37150.0,280517
2025-01-17,36900.0,37600.0,36500.0,37400.0,161210
2025-01-20,38050.0,39250.0,37500.0,37650.0,334811
2025-01-21,37150.0,37150.0,34400.0,35200.0,429995
2025-01-22,35300.0,35800.0,34800.0,34850.0,219521
2025-01-23,34850.0,34950.0,33450.0,33450.0,277483
2025-01-24,34300.0,35650.0,34050.0,34300.0,518142
2025-01-31,34000.0,34200.0,32750.0,32850.0,203333
2025-02-03,31850.0,32000.0,30800.0,31250.0,228550
2025-02-04,31500.0,32700.0,31350.0,32050.0,158333
2025-02-05,32100.0,33900.0,32100.0,33400.0,163097
2025-02-06,33500.0,34750.0,33400.0,33900.0,159551
2025-02-07,33600.0,34500.0,33000.0,33550.0,149170
2025-02-10,33500.0,43200.0,33350.0,41700.0,3301254
2025-02-11,41300.0,44250.0,40550.0,41700.0,2079050
2025-02-12,42250.0,43700.0,41050.0,41850.0,935411
2025-02-13,43800.0,44650.0,41700.0,42950.0,884656
2025-02-14,42950.0,48750.0,41550.0,43750.0,2198681
2025-02-17,44950.0,49650.0,44100.0,47950.0,2249250
2025-02-18,47700.0,51500.0,46950.0,49750.0,1304831
2025-02-19,50500.0,51600.0,48950.0,50800.0,857722
2025-02-20,50000.0,53100.0,49550.0,49550.0,1056214
2025-02-21,49300.0,55000.0,49250.0,54400.0,1675506
2025-02-24,53500.0,56100.0,52800.0,54800.0,1026374
2025-02-25,54300.0,56400.0,52900.0,54900.0,885633
2025-02-26,54400.0,63400.0,54100.0,60000.0,3720973
2025-02-27,61500.0,63700.0,58900.0,62500.0,1690897
2025-02-28,61500.0,66800.0,61400.0,64000.0,1967338
2025-03-04,64300.0,64400.0,51800.0,52700.0,2961389
2025-03-05,53500.0,57200.0,50900.0,52800.0,2120628
2025-03-06,53000.0,55000.0,50100.0,52100.0,1554311
2025-03-07,54200.0,54300.0,50700.0,51600.0,1008216
2025-03-10,50900.0,53800.0,50500.0,52200.0,677861
2025-03-11,49700.0,51000.0,48450.0,50600.0,721390
2025-03-12,50900.0,52700.0,49750.0,52000.0,459900
2025-03-13,52800.0,54900.0,51600.0,53100.0,1022057
2025-03-14,55600.0,60400.0,54600.0,55100.0,2757378
2025-03-17,56200.0,57900.0,54200.0,54600.0,765739
2025-03-18,54200.0,57400.0,53500.0,56800.0,775838
2025-03-19,57400.0,58400.0,55900.0,57000.0,657451
2025-03-20,57700.0,59200.0,56100.0,56600.0,564135
2025-03-21,55900.0,55900.0,50300.0,50500.0,923875
2025-03-24,51000.0,51000.0,48900.0,49800.0,291861
2025-03-25,50700.0,50800.0,46400.0,47000.0,497740
2025-03-26,47000.0,50300.0,46150.0,49100.0,423776
2025-03-27,48100.0,48700.0,47000.0,47450.0,147905
2025-03-28,47700.0,47700.0,45650.0,45800.0,157460
2025-03-31,44550.0,44700.0,41300.0,42450.0,416629
2025-04-01,43850.0,44950.0,43000.0,43500.0,326843
2025-04-02,44300.0,44800.0,41200.0,41400.0,321790
2025-04-03,39250.0,43150.0,38900.0,41750.0,412697
2025-04-04,41000.0,44050.0,40400.0,43800.0,523694
2025-04-07,41500.0,41900.0,39050.0,39300.0,380731
2025-04-08,40800.0,41000.0,37700.0,38350.0,357569
2025-04-09,37300.0,38650.0,36100.0,37050.0,377882
2025-04-10,40500.0,40750.0,38700.0,40300.0,285604
2025-04-11,39400.0,41650.0,39100.0,41600.0,311020
2025-04-14,43000.0,44150.0,42100.0,42700.0,286982
2025-04-15,42900.0,42900.0,41250.0,41600.0,313184
2025-04-16,42250.0,42350.0,40100.0,40550.0,244086
2025-04-17,39950.0,41600.0,39950.0,41500.0,204779
2025-04-18,41500.0,41750.0,40450.0,41700.0,119265
2025-04-21,41600.0,44500.0,41250.0,44250.0,348461
2025-04-22,43900.0,46500.0,43100.0,45700.0,396155
2025-04-23,46900.0,47000.0,45100.0,46100.0,231467
2025-04-24,46500.0,46700.0,44850.0,45200.0,169184
2025-04-25,45250.0,46150.0,44650.0,45100.0,175239
2025-04-28,44750.0,45050.0,42900.0,43550.0,210769
2025-04-29,43400.0,45400.0,42800.0,44750.0,219582
2025-04-30,44700.0,44950.0,42550.0,43050.0,170224
2025-05-02,42450.0,43350.0,42100.0,43350.0,140484
2025-05-07,43450.0,43800.0,41350.0,42100.0,205356
2025-05-08,42000.0,42750.0,41750.0,42500.0,141870
2025-05-09,43000.0,43000.0,41000.0,41600.0,189405
2025-05-12,41750.0,42600.0,41400.0,42600.0,135155
2025-05-13,43050.0,43200.0,41450.0,41550.0,157749
2025-05-14,41550.0,41950.0,39900.0,41550.0,200921
2025-05-15,41500.0,42500.0,40750.0,40800.0,167087
2025-05-16,40850.0,41000.0,39000.0,39150.0,234154
2025-05-19,38200.0,40100.0,38150.0,39450.0,154496
2025-05-20,40000.0,40000.0,37950.0,38050.0,156458
2025-05-21,38300.0,41000.0,38300.0,40250.0,267671
2025-05-22,40600.0,41350.0,39600.0,40800.0,224170
2025-05-23,41400.0,41400.0,38550.0,38650.0,210511
2025-05-26,38050.0,41750.0,38050.0,40200.0,270903
2025-05-27,40300.0,40300.0,38800.0,39950.0,160591
2025-05-28,40550.0,42750.0,39700.0,42350.0,436723
2025-05-29,42750.0,42800.0,41300.0,41950.0,204218
2025-05-30,41450.0,41450.0,39500.0,40500.0,158018
2025-06-02,43000.0,43100.0,40600.0,40750.0,338459
2025-06-04,41300.0,43300.0,41250.0,41400.0,348573
2025-06-05,41450.0,42250.0,40800.0,41500.0,197226
2025-06-09,41300.0,41350.0,40050.0,40750.0,193107
2025-06-10,40750.0,41250.0,39800.0,39950.0,188433
2025-06-11,40200.0,42100.0,40200.0,41400.0,274565
2025-06-12,41750.0,43050.0,41000.0,41750.0,323428
2025-06-13,41350.0,41400.0,39600.0,40550.0,310649
2025-06-16,40400.0,40400.0,38600.0,39150.0,339753
2025-06-17,39150.0,40450.0,38550.0,39350.0,188929
2025-06-18,39000.0,40200.0,38750.0,38900.0,180700
2025-06-19,39300.0,39700.0,38500.0,39450.0,180603
2025-06-20,39550.0,41500.0,38900.0,40800.0,343432
2025-06-23,39900.0,40200.0,38850.0,39550.0,202739
2025-06-24,40250.0,43500.0,40250.0,43000.0,650152
2025-06-25,42700.0,42750.0,41550.0,42450.0,243284
2025-06-26,45850.0,49700.0,44100.0,45050.0,1536878
2025-06-27,45950.0,46150.0,43450.0,43600.0,311521
2025-06-30,43700.0,44650.0,42100.0,42350.0,220069
2025-07-01,42650.0,43950.0,42250.0,42400.0,223130
2025-07-02,42750.0,42900.0,41550.0,42900.0,164078
2025-07-03,43750.0,45450.0,43100.0,45000.0,411207
2025-07-04,44300.0,44350.0,43200.0,43200.0,192344
2025-07-07,43850.0,43900.0,41900.0,42150.0,144932
2025-07-08,41750.0,42800.0,41650.0,41850.0,124759
2025-07-09,42750.0,42950.0,41900.0,42350.0,106137
2025-07-10,42500.0,42750.0,41800.0,42450.0,164141
2025-07-11,42550.0,43600.0,42100.0,42650.0,242808
2025-07-14,42700.0,42700.0,41400.0,41550.0,162541
2025-07-15,41650.0,41850.0,40650.0,41350.0,182255
2025-07-16,41800.0,41900.0,40900.0,40950.0,102420
2025-07-17,41050.0,41600.0,40350.0,41150.0,139215
2025-07-18,42350.0,47350.0,42100.0,45950.0,1876144
2025-07-21,46250.0,47300.0,45700.0,46550.0,422751
2025-07-22,46200.0,46850.0,44450.0,44800.0,350641
2025-07-23,47150.0,47300.0,44700.0,45750.0,422439
2025-07-24,45400.0,46650.0,45100.0,46050.0,294426
2025-07-25,45500.0,45750.0,44550.0,44600.0,197038
2025-07-28,44650.0,45900.0,44450.0,45350.0,213089
2025-07-29,45000.0,45150.0,43925.0,44650.0,138107
2025-07-30,44350.0,46200.0,44350.0,45150.0,316124
2025-07-31,45900.0,45950.0,43750.0,44200.0,233912
2025-08-01,43500.0,43500.0,41350.0,41350.0,306893
2025-08-04,41350.0,42500.0,40900.0,42200.0,119205
2025-08-05,42900.0,46850.0,42550.0,46200.0,637420
2025-08-06,47050.0,51900.0,46650.0,51100.0,1971283
2025-08-07,50400.0,50700.0,49450.0,49900.0,407779
2025-08-08,52100.0,52200.0,49050.0,49250.0,500135
2025-08-11,50200.0,51700.0,49650.0,49750.0,566094
2025-08-12,50100.0,51000.0,48650.0,48950.0,305935
2025-08-13,49850.0,49850.0,47550.0,48000.0,277521
2025-08-14,49000.0,50300.0,48050.0,48600.0,358245
2025-08-18,47950.0,48000.0,46550.0,47200.0,209750
2025-08-19,47550.0,47750.0,45750.0,46100.0,226135
2025-08-20,45000.0,46600.0,44650.0,45850.0,192119
2025-08-21,46000.0,49150.0,45800.0,48100.0,427178
2025-08-22,47650.0,48300.0,46700.0,46750.0,191502
2025-08-25,47400.0,47700.0,46950.0,47050.0,143958
2025-08-26,47250.0,49250.0,47000.0,48050.0,365733
2025-08-27,48600.0,48600.0,47300.0,47450.0,142741
2025-08-28,47200.0,47400.0,45500.0,46350.0,209235
2025-08-29,46050.0,46300.0,44600.0,44650.0,263531
2025-09-01,44400.0,44800.0,43200.0,43700.0,141115
2025-09-02,44200.0,44200.0,43000.0,43500.0,689080
2025-09-03,44150.0,44500.0,43500.0,44200.0,135092
2025-09-04,45500.0,45500.0,44150.0,44700.0,186064
2025-09-05,44650.0,44650.0,43750.0,44200.0,131811
2025-09-08,43950.0,45200.0,43650.0,44300.0,188144
2025-09-09,45400.0,45600.0,44500.0,44950.0,158487
2025-09-10,44650.0,45150.0,44050.0,45050.0,174323
2025-09-11,45250.0,45400.0,44600.0,45300.0,172693
2025-09-12,45600.0,46400.0,45350.0,45650.0,203712
2025-09-15,46350.0,46450.0,45300.0,45300.0,156575
2025-09-16,46000.0,46950.0,45150.0,45450.0,226292
2025-09-17,46200.0,47050.0,45500.0,46400.0,352693
2025-09-18,46350.0,46800.0,45500.0,46200.0,216293
2025-09-22,45800.0,46750.0,45350.0,45600.0,176002
2025-09-23,45650.0,52000.0,45400.0,51200.0,1444673
2025-09-24,51600.0,51700.0,48800.0,49400.0,441621
2025-09-25,50400.0,50800.0,48800.0,49400.0,325577
2025-09-26,48800.0,48850.0,46500.0,47050.0,311715
2025-09-29,48750.0,49000.0,46750.0,46750.0,206476
2025-09-30,47000.0,47150.0,46350.0,46450.0,123673
2025-10-01,46700.0,47200.0,46300.0,46650.0,109252
2025-10-02,47150.0,47600.0,46800.0,47150.0,180850
2025-10-10,47800.0,48550.0,46600.0,48000.0,193294
2025-10-13,47150.0,49450.0,46750.0,49150.0,260858
2025-10-14,49200.0,52700.0,48800.0,51200.0,851934
2025-10-15,51100.0,51500.0,49850.0,51300.0,283820
2025-10-16,50800.0,56300.0,50500.0,55500.0,926967
2025-10-17,55500.0,57000.0,54300.0,55000.0,729710
2025-10-20,54800.0,56400.0,53200.0,55600.0,402314
2025-10-21,55000.0,58400.0,54300.0,55700.0,628362
2025-10-22,58200.0,60500.0,55200.0,57700.0,1078886
2025-10-23,57300.0,61000.0,56300.0,57500.0,546794
2025-10-24,58500.0,61400.0,58200.0,59700.0,796029
2025-10-27,63900.0,64400.0,59000.0,59500.0,859241
2025-10-28,59000.0,59800.0,56600.0,59400.0,507226
2025-10-29,59700.0,59700.0,57000.0,57900.0,325228
2025-10-30,57000.0,57800.0,54600.0,54700.0,411161
2025-10-31,55500.0,56200.0,54400.0,55400.0,229190
2025-11-03,57300.0,57600.0,55500.0,57200.0,316018
2025-11-04,58200.0,58800.0,55800.0,56000.0,269795
2025-11-05,54600.0,55400.0,51200.0,52800.0,365955
2025-11-06,55800.0,58100.0,54700.0,54900.0,497467
2025-11-07,53100.0,54000.0,51300.0,52500.0,228757
2025-11-10,52900.0,55200.0,51700.0,54600.0,225140
2025-11-11,55400.0,56100.0,52700.0,53100.0,195214
2025-11-12,53900.0,54300.0,52800.0,53600.0,97913
2025-11-13,53100.0,56000.0,52700.0,55600.0,214830
2025-11-14,53900.0,54700.0,51850.0,51900.0,285036
2025-11-17,52700.0,53700.0,51500.0,52900.0,162183
2025-11-18,54300.0,55200.0,51600.0,51800.0,192721
2025-11-19,51900.0,52600.0,50400.0,51400.0,116012
2025-11-20,51800.0,52500.0,51300.0,51300.0,136606
2025-11-21,49350.0,49950.0,48050.0,48600.0,158550
2025-11-24,49550.0,49650.0,48200.0,49550.0,127771
2025-11-25,50600.0,51100.0,48700.0,49000.0,113413
2025-11-26,49550.0,51900.0,49550.0,51800.0,147553
2025-11-27,52200.0,52400.0,50800.0,51500.0,89766
2025-11-28,52200.0,52400.0,51300.0,52000.0,91667
2025-12-01,52700.0,53000.0,52000.0,52600.0,142368
2025-12-02,52200.0,53200.0,51800.0,52500.0,93208
2025-12-03,52500.0,52800.0,51500.0,52400.0,94232
2025-12-04,52000.0,52600.0,51500.0,52000.0,113368
2025-12-05,52000.0,52600.0,50500.0,51500.0,165139
2025-12-08,51700.0,59800.0,51000.0,59500.0,1110997
2025-12-09,58500.0,69500.0,58000.0,68400.0,3125063
2025-12-10,67500.0,69400.0,66100.0,66900.0,802736
2025-12-11,67200.0,67300.0,62700.0,63900.0,854684
2025-12-12,65200.0,65200.0,61800.0,62900.0,452726
2025-12-15,63300.0,65400.0,62200.0,62800.0,493324
2025-12-16,63900.0,63900.0,59200.0,60000.0,473281
2025-12-17,60600.0,60600.0,58000.0,58500.0,297545
2025-12-18,56600.0,57300.0,55500.0,55600.0,344371
2025-12-19,55900.0,56300.0,52300.0,54900.0,745892
2025-12-22,56200.0,58500.0,55000.0,57500.0,445460
2025-12-23,57500.0,57500.0,55400.0,55600.0,248068
2025-12-24,56100.0,56600.0,54900.0,55400.0,200376
2025-12-26,56700.0,57500.0,55900.0,56800.0,222318
2025-12-29,55200.0,60000.0,54700.0,59200.0,368946
2025-12-30,58100.0,59700.0,57500.0,59200.0,284669
2026-01-02,59100.0,59200.0,55800.0,56100.0,376921
2026-01-05,58000.0,62900.0,57900.0,62100.0,895860
2026-01-06,62900.0,63000.0,60000.0,60700.0,343077
2026-01-07,61000.0,61200.0,57600.0,58000.0,363760
2026-01-08,58300.0,59000.0,57100.0,57800.0,183633
2026-01-09,58100.0,58100.0,56500.0,57500.0,202721
2026-01-12,57600.0,61300.0,57100.0,59600.0,407370
2026-01-13,60600.0,63000.0,59000.0,62700.0,502754
2026-01-14,61800.0,62100.0,59000.0,59900.0,371215
2026-01-15,60000.0,62700.0,59400.0,62200.0,336594
2026-01-16,61300.0,62000.0,59700.0,60200.0,287245
2026-01-19,61000.0,78200.0,61000.0,78200.0,3209438
2026-01-20,81400.0,89200.0,79000.0,83500.0,3300813
2026-01-21,81700.0,89200.0,78700.0,88000.0,2476533
2026-01-22,93100.0,111900.0,91300.0,102300.0,4886661
2026-01-23,99700.0,100100.0,93500.0,96600.0,1340568
2026-01-26,100200.0,103800.0,97200.0,99100.0,1067520
2026-01-27,96500.0,108300.0,96000.0,104300.0,1309517
2026-01-28,105000.0,108000.0,102800.0,106300.0,797969
2026-01-29,105300.0,105700.0,97700.0,104400.0,927003
2026-01-30,109400.0,113000.0,103800.0,106400.0,1027830
2026-02-02,103100.0,112400.0,101500.0,103600.0,994358
2026-02-03,107300.0,111100.0,101000.0,107500.0,875572
2026-02-04,106700.0,124500.0,105900.0,122200.0,1988127
2026-02-05,118400.0,118900.0,103900.0,105600.0,1297661
2026-02-06,99000.0,102200.0,98100.0,100000.0,615179
2026-02-09,105700.0,105700.0,100600.0,102200.0,375243
2026-02-10,105700.0,105800.0,100000.0,100500.0,321204
2026-02-11,100400.0,102100.0,99000.0,99300.0,258281
2026-02-12,99600.0,103000.0,98000.0,102700.0,373450
2026-02-13,99800.0,101400.0,98300.0,99700.0,246904
2026-02-19,99900.0,101550.0,95500.0,100800.0,534771
2026-02-20,100000.0,101300.0,98000.0,98100.0,247041
2026-02-23,99300.0,100900.0,96000.0,96400.0,277312
2026-02-24,98700.0,101800.0,97300.0,97500.0,561563
2026-02-25,101900.0,112100.0,99300.0,104100.0,1178996
2026-02-26,107500.0,112000.0,105000.0,106800.0,775012
2026-02-27,108400.0,119200.0,107100.0,115200.0,1178450
2026-03-03,111500.0,119000.0,105000.0,105200.0,856175
2026-03-04,99800.0,103500.0,84200.0,85000.0,831162
2026-03-05,96300.0,99500.0,94100.0,97000.0,483401
2026-03-06,97100.0,106500.0,97100.0,105100.0,507487
2026-03-09,97800.0,100400.0,91900.0,96100.0,378903
2026-03-10,103000.0,103000.0,96200.0,99000.0,285847
2026-03-11,100900.0,104800.0,95600.0,97900.0,314104
2026-03-12,97400.0,101200.0,96100.0,97400.0,213441
2026-03-13,94100.0,95000.0,92400.0,92900.0,331408
2026-03-16,92800.0,94000.0,87000.0,89500.0,365034
2026-03-17,92200.0,93300.0,90800.0,91100.0,181127
2026-03-18,93400.0,95400.0,92800.0,95200.0,191172
2026-03-19,91600.0,94000.0,91100.0,92300.0,168386
2026-03-20,92400.0,93000.0,90900.0,91200.0,161462
2026-03-23,87600.0,88300.0,84100.0,84700.0,243078
2026-03-24,89600.0,92000.0,86300.0,89600.0,208015
2026-03-25,90800.0,93500.0,90000.0,91000.0,180166
2026-03-26,91200.0,95900.0,91000.0,91700.0,318999
2026-03-27,90200.0,97700.0,89700.0,94400.0,329837
2026-03-30,90000.0,93300.0,89200.0,91800.0,178288
2026-03-31,91900.0,92600.0,88000.0,89300.0,291999
2026-04-01,93400.0,96000.0,92000.0,95000.0,213622
2026-04-02,95300.0,99300.0,90000.0,91100.0,456654
2026-04-03,94100.0,94800.0,89700.0,92400.0,172366
2026-04-06,92600.0,99100.0,92600.0,96800.0,461506
2026-04-07,96500.0,101000.0,93100.0,94500.0,403403
2026-04-08,99400.0,99600.0,96600.0,99300.0,247051
2026-04-09,99400.0,101300.0,97200.0,97300.0,262214
2026-04-10,98500.0,98700.0,95600.0,95900.0,194825
2026-04-13,94700.0,98600.0,94000.0,96000.0,174518
2026-04-14,97500.0,97600.0,95600.0,96800.0,157355
2026-04-15,98200.0,107200.0,98100.0,104900.0,733377
2026-04-16,104900.0,105500.0,102500.0,103200.0,249357
2026-04-17,105500.0,118800.0,103300.0,111500.0,1426216
2026-04-20,112000.0,115500.0,109950.0,111600.0,447887
2026-04-21,117000.0,128000.0,114000.0,127000.0,1542395
2026-04-22,130100.0,130750.0,123000.0,130100.0,752305
2026-04-23,129300.0,131800.0,117100.0,120500.0,674324
2026-04-24,123000.0,125500.0,116200.0,121600.0,455778
2026-04-27,122600.0,122700.0,118200.0,121800.0,303476
2026-04-28,125500.0,128700.0,122600.0,123500.0,476087
2026-04-29,123000.0,127800.0,122600.0,125900.0,343762
2026-04-30,124800.0,125600.0,120600.0,121500.0,325714
2026-05-04,124800.0,128300.0,122800.0,123600.0,326787
2026-05-06,123000.0,123100.0,118300.0,121800.0,364146
2026-05-07,120900.0,121400.0,116300.0,117700.0,259454
2026-05-08,117700.0,118600.0,113000.0,115000.0,220161
2026-05-11,113500.0,113500.0,109000.0,110300.0,317955
2026-05-12,111000.0,111000.0,100100.0,103600.0,417598
2026-05-13,102400.0,109300.0,100900.0,106500.0,248752
2026-05-14,110600.0,111600.0,103500.0,108800.0,299160
2026-05-15,110500.0,111900.0,99000.0,101600.0,331274
2026-05-18,99900.0,100000.0,94000.0,99600.0,223876
2026-05-19,99400.0,100300.0,93200.0,95100.0,228483
2026-05-20,93700.0,95600.0,89700.0,91300.0,210151
2026-05-21,94500.0,97400.0,92900.0,96500.0,189845
2026-05-22,100600.0,106000.0,99100.0,102500.0,241913
2026-05-26,106100.0,106200.0,99500.0,100100.0,200111
2026-05-27,100100.0,102200.0,95100.0,95600.0,244354
2026-05-28,99400.0,101700.0,93800.0,98900.0,325135
2026-05-29,99000.0,99100.0,93800.0,96300.0,229935
2026-06-01,93500.0,95500.0,91200.0,93600.0,195394
2026-06-02,92200.0,96000.0,88800.0,89000.0,245783
2026-06-04,90000.0,93000.0,87000.0,89300.0,170902
2026-06-05,89300.0,89900.0,82700.0,85500.0,156914
2026-06-08,77300.0,80300.0,76700.0,77700.0,185030
2026-06-09,78500.0,81500.0,76800.0,80400.0,141934
2026-06-10,78100.0,81300.0,76300.0,79200.0,169085
2026-06-11,75700.0,79200.0,73400.0,79200.0,239790
2026-06-12,82600.0,86100.0,81500.0,83300.0,180463
2026-06-15,87900.0,88500.0,84500.0,85300.0,114287
2026-06-16,86400.0,88500.0,84600.0,87600.0,120838
2026-06-17,92000.0,92000.0,86500.0,87100.0,133717
2026-06-18,85900.0,85900.0,80000.0,81100.0,169002
2026-06-19,80400.0,83900.0,76800.0,79600.0,226531
2026-06-22,79900.0,81400.0,77100.0,77900.0,111186
2026-06-23,77500.0,80000.0,70600.0,71000.0,208202
2026-06-24,71000.0,74400.0,69700.0,72200.0,174055
2026-06-25,72000.0,73400.0,68800.0,69400.0,165384
2026-06-26,68300.0,69800.0,62000.0,63700.0,245728
2026-06-29,63800.0,73600.0,63800.0,73200.0,294999
2026-06-30,73400.0,73500.0,70100.0,71500.0,139013
2026-07-01,74300.0,75400.0,70400.0,71500.0,148776
2026-07-02,70600.0,70800.0,66100.0,66900.0,106776
2026-07-03,66900.0,68300.0,62100.0,68200.0,149945
2026-07-06,68100.0,68200.0,63000.0,65300.0,108368
2026-07-07,65700.0,66800.0,62900.0,65000.0,106428
2026-07-08,63100.0,64500.0,58700.0,60200.0,163568
2026-07-09,61000.0,63400.0,58700.0,60000.0,194817
2026-07-10,60500.0,64600.0,60500.0,63100.0,104837
2026-07-13,63700.0,67300.0,60300.0,61000.0,128996
2026-07-14,61100.0,61500.0,56900.0,58800.0,141221
2026-07-15,60200.0,62500.0,60000.0,60900.0,104169
2026-07-16,59200.0,61000.0,57100.0,58500.0,92741
2026-07-20,57400.0,57400.0,53300.0,53800.0,107361
2026-07-21,53000.0,55000.0,51700.0,54800.0,140667
2026-07-22,56300.0,57800.0,55500.0,55500.0,96453
2026-07-23,55600.0,61000.0,55600.0,60700.0,108940
2026-07-24,58300.0,60100.0,56800.0,57400.0,70103
2026-07-27,58700.0,58800.0,56000.0,57400.0,56191
2026-07-28,55200.0,55500.0,51000.0,52100.0,93420
2026-07-29,52600.0,53100.0,45000.0,47950.0,179567
2026-07-30,44400.0,50500.0,44400.0,47400.0,145439
2026-07-31,49500.0,52900.0,49300.0,52400.0,142726
2026-08-03,51600.0,55200.0,50600.0,53600.0,100615
2026-08-04,55000.0,58200.0,55000.0,57900.0,121162
2026-08-05,59500.0,60900.0,58500.0,60200.0,110904
2026-08-06,60100.0,65800.0,60100.0,62100.0,159710
2026-08-07,63700.0,65100.0,59400.0,62800.0,125408
2026-08-10,63300.0,67300.0,62100.0,66900.0,145303
2026-08-11,66700.0,68000.0,65400.0,65500.0,110355
2026-08-12,65900.0,69100.0,64100.0,66800.0,115305
2026-08-13,67300.0,68200.0,65900.0,66700.0,142748
2026-08-14,67100.0,68700.0,65200.0,68200.0,90161
2026-08-18,67300.0,68400.0,63900.0,64600.0,119417
2026-08-19,62600.0,65400.0,60100.0,63200.0,73951
2026-08-20,64000.0,65700.0,63100.0,63300.0,73784
2026-08-21,61500.0,62200.0,59400.0,60100.0,82071
2026-08-24,61500.0,65700.0,61500.0,64200.0,120662
2026-08-25,63400.0,64000.0,60700.0,63900.0,68763
2026-08-26,64000.0,64000.0,61800.0,63400.0,65095
2026-08-27,64100.0,67200.0,64100.0,66700.0,139345
2026-08-28,66200.0,67000.0,65000.0,66100.0,86694
2026-08-31,66600.0,70700.0,65200.0,70000.0,254290
2026-09-01,69900.0,75700.0,68100.0,69600.0,308786
2026-09-02,67200.0,68500.0,64000.0,64300.0,181150
2026-09-03,65200.0,66500.0,61800.0,62800.0,114396
2026-09-04,63500.0,64500.0,62600.0,63300.0,102014
2026-09-07,65600.0,67200.0,64700.0,65900.0,119126
2026-09-08,66300.0,67300.0,64300.0,64400.0,118141
2026-09-09,64800.0,68300.0,64400.0,68100.0,117729
2026-09-10,66600.0,67800.0,65400.0,66600.0,125436
2026-09-11,64800.0,66200.0,63600.0,64100.0,198682
2026-09-14,63700.0,64600.0,62600.0,63000.0,91988
2026-09-15,62900.0,66200.0,62300.0,65000.0,103000
2026-09-16,65000.0,65300.0,63600.0,64300.0,68821
2026-09-17,65100.0,65400.0,63900.0,64100.0,50796
2026-09-18,65500.0,66000.0,64400.0,65100.0,98602
2026-09-21,65600.0,65700.0,63700.0,63900.0,65283
2026-09-22,65000.0,65700.0,63900.0,64100.0,85170
2026-09-23,65000.0,65300.0,63500.0,63800.0,81130
2026-09-28,64000.0,66400.0,63100.0,64900.0,141895
2026-09-29,64700.0,69000.0,62300.0,68000.0,428688
2026-09-30,73300.0,80800.0,71500.0,79700.0,1183009
2026-10-01,77700.0,78500.0,75100.0,78400.0,363724
2026-10-02,79300.0,81700.0,77400.0,81100.0,369967
2026-10-06,82100.0,84800.0,80500.0,84200.0,283762
2026-10-07,82200.0,82500.0,79000.0,79400.0,227901
